Year,Week,Team,PlayerName,PlayerID,Position,Points,Status,SnapsPlayed,KTC
2024,1,tmjones212,JJ MCCARTHY,11565,QB,0,Did Not Play,0,5493
2024,1,tmjones212,WILL SHIPLEY,11577,RB,0,Played,4.0,1759
2024,1,tmjones212,BUCKY IRVING,11584,RB,17.2,Played,20.0,5640
2024,1,tmjones212,XAVIER LEGETTE,11626,WR,11.0,Played,35.0,2941
2024,1,tmjones212,DESHAUN WATSON,4017,QB,22.700000000000003,Played,76.0,927
2024,1,tmjones212,JERRY JEUDY,6783,WR,14.0,Played,62.0,3861
2024,1,tmjones212,TEE HIGGINS,6801,WR,0,Did Not Play,0,5575
2024,1,tmjones212,COLE KMET,6826,TE,1.8,Played,27.0,2411
2024,1,tmjones212,DARNELL MOONEY,7090,WR,4.0,Played,53.0,2808
2024,1,tmjones212,PAT FREIERMUTH,7600,TE,9.4,Played,50.0,2807
2024,1,tmjones212,KHALIL HERBERT,7608,RB,0.8,Played,6.0,1384
2024,1,tmjones212,WANDALE ROBINSON,8126,WR,17.6,Played,48.0,2532
2024,1,tmjones212,TREYLON BURKS,8135,WR,1.6,Played,44.0,1419
2024,1,tmjones212,CHRISTIAN WATSON,8167,WR,11.6,Played,42.0,2660
2024,1,tmjones212,KENDRE MILLER,9757,RB,0,Did Not Play,0,2320
2024,1,BaoDown,DRAKE MAYE,11564,QB,0,Did Not Play,0,6760
2024,1,BaoDown,RAY DAVIS,11575,RB,6.4,Played,6.0,2644
2024,1,BaoDown,THEO JOHNSON,11597,TE,4.6,Played,61.0,2179
2024,1,BaoDown,ROMAN WILSON,11630,WR,0,Did Not Play,0,1982
2024,1,BaoDown,DEANDRE HOPKINS,1426,WR,2.6,Played,17.0,1786
2024,1,BaoDown,DEREK CARR,2028,QB,40.6,Played,60.0,2177
2024,1,BaoDown,MIKE WILLIAMS,4068,WR,0,Played,9.0,1388
2024,1,BaoDown,SAM DARNOLD,4943,QB,29.400000000000002,Played,55.0,4067
2024,1,BaoDown,JAKOBI MEYERS,5947,WR,15.8,Played,52.0,3209
2024,1,BaoDown,DAMEON PIERCE,8129,RB,3.2,Played,9.0,1388
2024,1,BaoDown,ISAIAH LIKELY,8131,TE,40.2,Played,53.0,3392
2024,1,BaoDown,GREG DULCICH,8172,TE,4.4,Played,46.0,1115
2024,1,BaoDown,AARON RODGERS,96,QB,18.5,Played,38.0,1658
2024,1,EBao,JAYDEN REED,10222,WR,53.2,Played,48.0,3717
2024,1,EBao,BO NIX,11563,QB,18.8,Played,69.0,6532
2024,1,EBao,BLAKE CORUM,11586,RB,0,Played,0,2785
2024,1,EBao,JALYNN POLK,11619,WR,2.2,Played,35.0,2066
2024,1,EBao,JERMAINE BURTON,11640,WR,0,Played,4.0,1623
2024,1,EBao,DAK PRESCOTT,3294,QB,24.500000000000004,Played,62.0,4711
2024,1,EBao,DEVIN SINGLETARY,6130,RB,14.4,Played,50.0,1627
2024,1,EBao,KYLE PITTS,7553,TE,14.2,Played,54.0,3387
2024,1,EBao,JAVONTE WILLIAMS,7588,RB,5.6000000000000005,Played,36.0,2644
2024,1,EBao,JOSH PALMER,7670,WR,5.0,Played,46.0,2176
2024,1,EBao,JAYLEN WARREN,8228,RB,6.0,Played,21.0,3098
2024,1,EBao,LUKE MUSGRAVE,9481,TE,0,Played,17.0,2251
2024,1,EBao,JAXON SMITH NJIGBA,9488,WR,6.800000000000001,Played,53.0,6486
2024,1,Halteclere,ERIC GRAY,10223,RB,4.0,Played,7.0,866
2024,1,Halteclere,MIKE WILSON,10232,WR,8.0,Played,49.0,2196
2024,1,Halteclere,JONATHON BROOKS,11583,RB,0,Did Not Play,0,2902
2024,1,Halteclere,TREY BENSON,11589,RB,4.6,Played,8.0,3364
2024,1,Halteclere,JALEN MCMILLAN,11618,WR,13.4,Played,53.0,3098
2024,1,Halteclere,BRENDEN RICE,11621,WR,0,Did Not Play,0,1171
2024,1,Halteclere,ISAAC GUERENDO,11651,RB,0,Played,3.0,2739
2024,1,Halteclere,DEVAUGHN VELE,11834,WR,15.8,Played,34.0,1633
2024,1,Halteclere,JK DOBBINS,6806,RB,39.8,Played,33.0,2422
2024,1,Halteclere,ZACH WILSON,7538,QB,0,Did Not Play,0,1481
2024,1,Halteclere,ELIJAH MOORE,7596,WR,5.8,Played,71.0,1858
2024,1,Halteclere,JAHAN DOTSON,8119,WR,0,Played,32.0,1685
2024,1,Halteclere,JALIN HYATT,9497,WR,0,Played,16.0,1609
2024,1,Halteclere,TYJAE SPEARS,9508,RB,10.399999999999999,Played,29.0,2872
2024,1,androooooo,AT PERRY,10863,WR,0,Did Not Play,0,980
2024,1,androooooo,XAVIER GIPSON,11306,WR,0,Played,30.0,1080
2024,1,androooooo,MARSHAWN LLOYD,11581,RB,0,Did Not Play,0,2379
2024,1,androooooo,JACOB COWING,11616,WR,0,Played,0,1388
2024,1,androooooo,TROY FRANKLIN,11627,WR,0,Did Not Play,0,2430
2024,1,androooooo,KEON COLEMAN,11637,WR,14.200000000000001,Played,45.0,3696
2024,1,androooooo,SIONE VAKI,11729,RB,0,Played,2.0,969
2024,1,androooooo,ODELL BECKHAM,2078,WR,0,Did Not Play,0,
2024,1,androooooo,EZEKIEL ELLIOTT,3164,RB,17.8,Played,32.0,
2024,1,androooooo,MATTHEW STAFFORD,421,QB,36.7,Played,78.0,3093
2024,1,androooooo,TJ HOCKENSON,5844,TE,0,Did Not Play,0,4198
2024,1,androooooo,JALEN TOLBERT,8117,WR,3.4000000000000004,Played,42.0,1665
2024,1,androooooo,JOHN METCHIE,8147,WR,0,Did Not Play,0,1706
2024,1,androooooo,RASHID SHAHEED,8676,WR,23.6,Played,45.0,2903
2024,1,androooooo,JOSH DOWNS,9500,WR,0,Did Not Play,0,3805
2024,1,androooooo,SEAN TUCKER,9506,RB,0,Played,2.0,1985
2024,1,androooooo,KEATON MITCHELL,9511,RB,0,Did Not Play,0,2041
2024,1,ShadyCommish88,TRE TUCKER,10213,WR,6.4,Played,47.0,1847
2024,1,ShadyCommish88,JALEEL MCLAUGHLIN,11439,RB,6.6000000000000005,Played,24.0,1964
2024,1,ShadyCommish88,MIKE PENIX,11559,QB,0,Did Not Play,0,5398
2024,1,ShadyCommish88,BRAELON ALLEN,11576,RB,4.4,Played,9.0,3010
2024,1,ShadyCommish88,MALIK WASHINGTON,11610,WR,0,Did Not Play,0,1859
2024,1,ShadyCommish88,TYRONE TRACY,11655,RB,2.4,Played,15.0,3480
2024,1,ShadyCommish88,GARDNER MINSHEW,6011,QB,24.700000000000003,Played,60.0,1163
2024,1,ShadyCommish88,BRYCE YOUNG,9228,QB,16.5,Played,54.0,4896
2024,1,ShadyCommish88,TUCKER KRAFT,9484,TE,9.4,Played,64.0,3374
2024,1,ShadyCommish88,DONTAYVION WICKS,9486,WR,1.0,Played,31.0,2547
2024,1,ShadyCommish88,MARVIN MIMS,9494,WR,0,Played,12.0,2739
2024,1,ShadyCommish88,DEMARIO DOUGLAS,9501,WR,4.4,Played,39.0,2398
2024,1,ShadyCommish88,QUENTIN JOHNSTON,9754,WR,10.600000000000001,Played,38.0,2771
2024,1,emanueljd3,AUDRIC ESTIME,11579,RB,2.8000000000000003,Played,3.0,2235
2024,1,emanueljd3,JATAVION SANDERS,11600,TE,1.8,Played,43.0,2616
2024,1,emanueljd3,JAVON BAKER,11645,WR,0,Did Not Play,0,1672
2024,1,emanueljd3,KIRK COUSINS,1166,QB,13.5,Played,56.0,2265
2024,1,emanueljd3,JAMES CONNER,4137,RB,27.6,Played,41.0,3186
2024,1,emanueljd3,CALVIN RIDLEY,4981,WR,13.0,Played,54.0,2952
2024,1,emanueljd3,DAVID MONTGOMERY,5892,RB,25.599999999999998,Played,30.0,3860
2024,1,emanueljd3,RASHOD BATEMAN,7571,WR,12.600000000000001,Played,67.0,2754
2024,1,emanueljd3,RHAMONDRE STEVENSON,7611,RB,37.2,Played,51.0,2688
2024,1,emanueljd3,JAKE FERGUSON,8110,TE,6.0,Played,39.0,2840
2024,1,emanueljd3,ROMEO DOUBS,8121,WR,14.0,Played,58.0,2679
2024,1,emanueljd3,JAMES COOK,8138,RB,26.6,Played,38.0,4860
2024,1,emanueljd3,JAMESON WILLIAMS,8148,WR,40.800000000000004,Played,52.0,4551
2024,1,lamjohnson56,LUKE SCHOONMAKER,10871,TE,0,Played,19.0,1697
2024,1,lamjohnson56,JOE MILTON,11557,QB,0,Did Not Play,0,2301
2024,1,lamjohnson56,SPENCER RATTLER,11562,QB,0,Did Not Play,0,1875
2024,1,lamjohnson56,CARSON STEELE,11582,RB,0.6000000000000001,Played,5.0,925
2024,1,lamjohnson56,JARED WILEY,11595,TE,0,Played,11.0,1102
2024,1,lamjohnson56,BEN SINNOTT,11596,TE,0,Played,13.0,2647
2024,1,lamjohnson56,ADONAI MITCHELL,11625,WR,1.4,Played,29.0,2787
2024,1,lamjohnson56,BRANDIN COOKS,2197,WR,19.0,Played,50.0,1216
2024,1,lamjohnson56,JUJU SMITH SCHUSTER,4040,WR,0,Played,12.0,1138
2024,1,lamjohnson56,AJ DILLON,6828,RB,0,Did Not Play,0,1187
2024,1,lamjohnson56,KJ OSBORN,7066,WR,7.2,Played,40.0,997
2024,1,lamjohnson56,MAC JONES,7527,QB,0,Did Not Play,0,1543
2024,1,lamjohnson56,TREY LANCE,7610,QB,0,Did Not Play,0,970
2024,1,lamjohnson56,CADE OTTON,8111,TE,2.0,Played,55.0,2824
2024,1,lamjohnson56,TYLER ALLGEIER,8132,RB,4.2,Played,10.0,2582
2024,1,lamjohnson56,SAM HOWELL,8162,QB,0,Did Not Play,0,1682
2024,1,lamjohnson56,TY CHANDLER,8230,RB,11.4,Played,19.0,1121
2024,1,Team 9,STETSON BENNETT,10857,QB,0,Did Not Play,0,
2024,1,Team 9,RASHEEN ALI,11570,RB,0,Did Not Play,0,1088
2024,1,Team 9,DYLAN LAUBE,11574,RB,0,Did Not Play,0,968
2024,1,Team 9,MALACHI CORLEY,11617,WR,0,Played,1.0,1632
2024,1,Team 9,JORDAN WHITTINGTON,11623,WR,0,Played,2.0,1938
2024,1,Team 9,LADD MCCONKEY,11635,WR,18.8,Played,38.0,6371
2024,1,Team 9,LUKE MCCAFFREY,11650,WR,6.6,Played,36.0,1949
2024,1,Team 9,BUB MEANS,11748,WR,0,Played,6.0,1261
2024,1,Team 9,RUSSELL WILSON,1234,QB,0,Did Not Play,0,2425
2024,1,Team 9,ELIJAH MITCHELL,7561,RB,0,Did Not Play,0,1689
2024,1,Team 9,RONDALE MOORE,7601,WR,0,Did Not Play,0,1512
2024,1,Team 9,BO MELTON,8204,WR,0,Played,8.0,1085
2024,1,Team 9,PARKER WASHINGTON,9487,WR,1.6,Played,7.0,1892
2024,1,Team 9,HENDON HOOKER,9998,QB,0,Did Not Play,0,1136
2024,1,Team 9,WILL LEVIS,9999,QB,13.900000000000002,Played,64.0,1849
2024,1,connerstafford11,JAYLEN WRIGHT,11643,RB,0,Did Not Play,0,2675
2024,1,connerstafford11,GREG DORTCH,5970,WR,16.2,Played,37.0,1419
2024,1,connerstafford11,JACOBY BRISSETT,3257,QB,18.5,Played,65.0,816
2024,1,connerstafford11,ROSCHON JOHNSON,10235,RB,0,Did Not Play,0,1890
2024,1,connerstafford11,TANK BIGSBY,9225,RB,14.600000000000001,Played,17.0,2951
2024,1,connerstafford11,KENDRICK BOURNE,4454,WR,0,Did Not Play,0,1226
2024,1,connerstafford11,AINIAS SMITH,11615,WR,0,Did Not Play,0,821
2024,1,connerstafford11,GABRIEL DAVIS,6943,WR,15.4,Played,50.0,1820
2024,1,connerstafford11,HOLLYWOOD BROWN,5848,WR,0,Did Not Play,0,
2024,1,connerstafford11,DALLAS GOEDERT,5022,TE,10.2,Played,62.0,2625
2024,1,connerstafford11,KENNY PICKETT,8160,QB,0,Did Not Play,0,1744
2024,1,connerstafford11,JOSH REYNOLDS,4171,WR,14.0,Played,55.0,799
2024,1,connerstafford11,RICKY PEARSALL,11638,WR,0,Did Not Play,0,4079
2024,1,connerstafford11,NICK CHUBB,4988,RB,0,Did Not Play,0,1947
2024,1,connerstafford11,CURTIS SAMUEL,4082,WR,5.0,Played,17.0,1516
2024,1,connerstafford11,CLYDE EDWARDS HELAIRE,6820,RB,0,Did Not Play,0,830
2024,1,connerstafford11,KIMANI VIDAL,11647,RB,0,Did Not Play,0,1694
2024,1,connerstafford11,DREW LOCK,5854,QB,0,Did Not Play,0,1113
2024,2,tmjones212,JJ MCCARTHY,11565,QB,0,Did Not Play,0,5493
2024,2,tmjones212,WILL SHIPLEY,11577,RB,0,Played,0,1759
2024,2,tmjones212,BUCKY IRVING,11584,RB,4.4,Played,17.0,5640
2024,2,tmjones212,XAVIER LEGETTE,11626,WR,0,Played,20.0,2941
2024,2,tmjones212,DESHAUN WATSON,4017,QB,28.6,Played,69.0,927
2024,2,tmjones212,TEE HIGGINS,6801,WR,0,Did Not Play,0,5575
2024,2,tmjones212,COLE KMET,6826,TE,9.4,Played,54.0,2411
2024,2,tmjones212,DARNELL MOONEY,7090,WR,26.6,Played,61.0,2808
2024,2,tmjones212,PAT FREIERMUTH,7600,TE,11.8,Played,38.0,2807
2024,2,tmjones212,KHALIL HERBERT,7608,RB,9.4,Played,6.0,1384
2024,2,tmjones212,WANDALE ROBINSON,8126,WR,11.6,Played,35.0,2532
2024,2,tmjones212,TREYLON BURKS,8135,WR,1.0,Played,33.0,1419
2024,2,tmjones212,CHRISTIAN WATSON,8167,WR,0,Played,41.0,2660
2024,2,tmjones212,JORDAN ADDISON,9756,WR,0,Did Not Play,0,4839
2024,2,tmjones212,KENDRE MILLER,9757,RB,0,Did Not Play,0,2320
2024,2,BaoDown,DRAKE MAYE,11564,QB,0,Did Not Play,0,6760
2024,2,BaoDown,RAY DAVIS,11575,RB,6.6000000000000005,Played,14.0,2644
2024,2,BaoDown,THEO JOHNSON,11597,TE,0,Played,44.0,2179
2024,2,BaoDown,ROMAN WILSON,11630,WR,0,Did Not Play,0,1982
2024,2,BaoDown,DEANDRE HOPKINS,1426,WR,2.8,Played,29.0,1786
2024,2,BaoDown,KEENAN ALLEN,1479,WR,0,Did Not Play,0,2085
2024,2,BaoDown,DEREK CARR,2028,QB,38.5,Played,53.0,2177
2024,2,BaoDown,MIKE WILLIAMS,4068,WR,4.800000000000001,Played,37.0,1388
2024,2,BaoDown,SAM DARNOLD,4943,QB,42.199999999999996,Played,54.0,4067
2024,2,BaoDown,JEFF WILSON,5284,RB,4.4,Played,11.0,
2024,2,BaoDown,JAKOBI MEYERS,5947,WR,9.8,Played,59.0,3209
2024,2,BaoDown,ISAIAH LIKELY,8131,TE,7.2,Played,32.0,3392
2024,2,BaoDown,MALIK WILLIS,8161,QB,26.400000000000006,Played,70.0,1641
2024,2,BaoDown,AARON RODGERS,96,QB,29.8,Played,57.0,1658
2024,2,EBao,EMANUEL WILSON,11435,RB,1.8,Played,13.0,1325
2024,2,EBao,BO NIX,11563,QB,21.6,Played,61.0,6532
2024,2,EBao,BLAKE CORUM,11586,RB,5.6000000000000005,Played,8.0,2785
2024,2,EBao,JALYNN POLK,11619,WR,10.4,Played,41.0,2066
2024,2,EBao,JERMAINE BURTON,11640,WR,10.4,Played,10.0,1623
2024,2,EBao,JOE FLACCO,19,QB,0,Did Not Play,0,1357
2024,2,EBao,AJ BROWN,5859,WR,0,Did Not Play,0,6104
2024,2,EBao,TREVOR LAWRENCE,7523,QB,31.0,Played,60.0,5590
2024,2,EBao,KYLE PITTS,7553,TE,7.0,Played,45.0,3387
2024,2,EBao,JAVONTE WILLIAMS,7588,RB,18.0,Played,40.0,2644
2024,2,EBao,JOSH PALMER,7670,WR,5.800000000000001,Played,30.0,2176
2024,2,EBao,KEN WALKER,8151,RB,0,Did Not Play,0,4790
2024,2,EBao,JAYLEN WARREN,8228,RB,14.200000000000001,Played,32.0,3098
2024,2,EBao,LUKE MUSGRAVE,9481,TE,2.2,Played,31.0,2251
2024,2,EBao,JAXON SMITH NJIGBA,9488,WR,38.400000000000006,Played,58.0,6486
2024,2,Halteclere,ERIC GRAY,10223,RB,0,Played,0,866
2024,2,Halteclere,MIKE WILSON,10232,WR,8.2,Played,45.0,2196
2024,2,Halteclere,JONATHON BROOKS,11583,RB,0,Did Not Play,0,2902
2024,2,Halteclere,TREY BENSON,11589,RB,4.4,Played,22.0,3364
2024,2,Halteclere,BRENDEN RICE,11621,WR,0,Did Not Play,0,1171
2024,2,Halteclere,ISAAC GUERENDO,11651,RB,0.0,Played,1.0,2739
2024,2,Halteclere,DEVAUGHN VELE,11834,WR,0,Did Not Play,0,1633
2024,2,Halteclere,JAMEIS WINSTON,2306,QB,0.8,Played,3.0,1940
2024,2,Halteclere,EVAN ENGRAM,4066,TE,0,Did Not Play,0,2895
2024,2,Halteclere,ZACH WILSON,7538,QB,0,Did Not Play,0,1481
2024,2,Halteclere,ELIJAH MOORE,7596,WR,14.8,Played,52.0,1858
2024,2,Halteclere,JAHAN DOTSON,8119,WR,2.2,Played,56.0,1685
2024,2,Halteclere,ZAMIR WHITE,8139,RB,10.600000000000001,Played,40.0,1213
2024,2,Halteclere,TYJAE SPEARS,9508,RB,9.2,Played,22.0,2872
2024,2,androooooo,ANDREI IOSIVAS,10226,WR,15.4,Played,49.0,2093
2024,2,androooooo,AT PERRY,10863,WR,0,Did Not Play,0,980
2024,2,androooooo,XAVIER GIPSON,11306,WR,0,Played,6.0,1080
2024,2,androooooo,CALEB WILLIAMS,11560,QB,18.200000000000003,Played,70.0,6758
2024,2,androooooo,MARSHAWN LLOYD,11581,RB,4.6,Played,10.0,2379
2024,2,androooooo,JACOB COWING,11616,WR,0.0,Played,0,1388
2024,2,androooooo,TROY FRANKLIN,11627,WR,0,Played,12.0,2430
2024,2,androooooo,SIONE VAKI,11729,RB,4.4,Played,4.0,969
2024,2,androooooo,ODELL BECKHAM,2078,WR,0,Did Not Play,0,
2024,2,androooooo,COURTLAND SUTTON,5045,WR,6.2,Played,54.0,3437
2024,2,androooooo,TJ HOCKENSON,5844,TE,0,Did Not Play,0,4198
2024,2,androooooo,RICO DOWDLE,7021,RB,15.8,Played,30.0,2297
2024,2,androooooo,JALEN TOLBERT,8117,WR,22.400000000000002,Played,60.0,1665
2024,2,androooooo,JOHN METCHIE,8147,WR,0,Did Not Play,0,1706
2024,2,androooooo,JOSH DOWNS,9500,WR,0,Did Not Play,0,3805
2024,2,androooooo,KEATON MITCHELL,9511,RB,0,Did Not Play,0,2041
2024,2,ShadyCommish88,TRE TUCKER,10213,WR,4.6,Played,38.0,1847
2024,2,ShadyCommish88,MIKE PENIX,11559,QB,0,Did Not Play,0,5398
2024,2,ShadyCommish88,BRAELON ALLEN,11576,RB,25.200000000000003,Played,20.0,3010
2024,2,ShadyCommish88,MALIK WASHINGTON,11610,WR,0,Did Not Play,0,1859
2024,2,ShadyCommish88,TYRONE TRACY,11655,RB,0.4,Played,12.0,3480
2024,2,ShadyCommish88,GARDNER MINSHEW,6011,QB,29.400000000000002,Played,63.0,1163
2024,2,ShadyCommish88,CHUBA HUBBARD,7594,RB,19.200000000000003,Played,28.0,4108
2024,2,ShadyCommish88,BRYCE YOUNG,9228,QB,5.6000000000000005,Played,48.0,4896
2024,2,ShadyCommish88,TUCKER KRAFT,9484,TE,5.2,Played,56.0,3374
2024,2,ShadyCommish88,DONTAYVION WICKS,9486,WR,14.2,Played,36.0,2547
2024,2,ShadyCommish88,MARVIN MIMS,9494,WR,3.0,Played,9.0,2739
2024,2,ShadyCommish88,DEMARIO DOUGLAS,9501,WR,0,Played,38.0,2398
2024,2,ShadyCommish88,QUENTIN JOHNSTON,9754,WR,27.200000000000003,Played,48.0,2771
2024,2,emanueljd3,AUDRIC ESTIME,11579,RB,0,Did Not Play,0,2235
2024,2,emanueljd3,JATAVION SANDERS,11600,TE,3.6,Played,24.0,2616
2024,2,emanueljd3,JAVON BAKER,11645,WR,0,Played,6.0,1672
2024,2,emanueljd3,DERRICK HENRY,3198,RB,26.200000000000003,Played,30.0,4330
2024,2,emanueljd3,CHRISTIAN MCCAFFREY,4034,RB,0,Did Not Play,0,4745
2024,2,emanueljd3,CALVIN RIDLEY,4981,WR,33.4,Played,54.0,2952
2024,2,emanueljd3,RAY RAY MCCLOUD,5096,WR,12.0,Played,61.0,1260
2024,2,emanueljd3,DAVID MONTGOMERY,5892,RB,24.0,Played,30.0,3860
2024,2,emanueljd3,ALEXANDER MATTISON,5987,RB,6.2,Played,14.0,1336
2024,2,emanueljd3,JORDAN LOVE,6804,QB,0,Did Not Play,0,6264
2024,2,emanueljd3,TYLER JOHNSON,6960,WR,6.0,Played,45.0,901
2024,2,emanueljd3,RASHOD BATEMAN,7571,WR,12.0,Played,53.0,2754
2024,2,emanueljd3,RHAMONDRE STEVENSON,7611,RB,26.0,Played,49.0,2688
2024,2,emanueljd3,JAKE FERGUSON,8110,TE,0,Did Not Play,0,2840
2024,2,emanueljd3,ROMEO DOUBS,8121,WR,15.4,Played,55.0,2679
2024,2,emanueljd3,ALEC PIERCE,8142,WR,23.200000000000003,Played,53.0,2353
2024,2,emanueljd3,PUKA NACUA,9493,WR,0,Did Not Play,0,7385
2024,2,lamjohnson56,LUKE SCHOONMAKER,10871,TE,14.6,Played,28.0,1697
2024,2,lamjohnson56,SPENCER RATTLER,11562,QB,0,Did Not Play,0,1875
2024,2,lamjohnson56,JARED WILEY,11595,TE,2.4000000000000004,Played,12.0,1102
2024,2,lamjohnson56,BEN SINNOTT,11596,TE,0,Played,13.0,2647
2024,2,lamjohnson56,ADONAI MITCHELL,11625,WR,7.0,Played,33.0,2787
2024,2,lamjohnson56,BRANDIN COOKS,2197,WR,5.2,Played,57.0,1216
2024,2,lamjohnson56,JUSTICE HILL,5995,RB,8.4,Played,35.0,1562
2024,2,lamjohnson56,AJ DILLON,6828,RB,0,Did Not Play,0,1187
2024,2,lamjohnson56,JAUAN JENNINGS,7049,WR,9.4,Played,38.0,3273
2024,2,lamjohnson56,KJ OSBORN,7066,WR,2.4000000000000004,Played,51.0,997
2024,2,lamjohnson56,MAC JONES,7527,QB,0,Did Not Play,0,1543
2024,2,lamjohnson56,TYLER ALLGEIER,8132,RB,14.000000000000002,Played,13.0,2582
2024,2,lamjohnson56,SAM HOWELL,8162,QB,0,Did Not Play,0,1682
2024,2,lamjohnson56,TY CHANDLER,8230,RB,16.400000000000002,Played,19.0,1121
2024,2,Team 9,STETSON BENNETT,10857,QB,0,Did Not Play,0,
2024,2,Team 9,RASHEEN ALI,11570,RB,0,Did Not Play,0,1088
2024,2,Team 9,DYLAN LAUBE,11574,RB,0,Did Not Play,0,968
2024,2,Team 9,MALACHI CORLEY,11617,WR,1.8,Played,1.0,1632
2024,2,Team 9,LADD MCCONKEY,11635,WR,7.2,Played,34.0,6371
2024,2,Team 9,LUKE MCCAFFREY,11650,WR,0,Played,40.0,1949
2024,2,Team 9,BUB MEANS,11748,WR,0,Played,6.0,1261
2024,2,Team 9,RUSSELL WILSON,1234,QB,0,Did Not Play,0,2425
2024,2,Team 9,DAVID NJOKU,4033,TE,0,Did Not Play,0,3378
2024,2,Team 9,ELIJAH MITCHELL,7561,RB,0,Did Not Play,0,1689
2024,2,Team 9,RONDALE MOORE,7601,WR,0,Did Not Play,0,1512
2024,2,Team 9,BO MELTON,8204,WR,1.6,Played,16.0,1085
2024,2,Team 9,PARKER WASHINGTON,9487,WR,0,Played,13.0,1892
2024,2,Team 9,HENDON HOOKER,9998,QB,0,Did Not Play,0,1136
2024,2,Team 9,WILL LEVIS,9999,QB,24.800000000000004,Played,66.0,1849
2024,2,connerstafford11,JAYLEN WRIGHT,11643,RB,0.8,Played,18.0,2675
2024,2,connerstafford11,ANTOINE WINFIELD,6888,DB,0,Did Not Play,0,
2024,2,connerstafford11,JACOBY BRISSETT,3257,QB,22.099999999999998,Played,68.0,816
2024,2,connerstafford11,ROSCHON JOHNSON,10235,RB,0,Played,0,1890
2024,2,connerstafford11,TANK BIGSBY,9225,RB,0,Played,0,2951
2024,2,connerstafford11,KENDRICK BOURNE,4454,WR,0,Did Not Play,0,1226
2024,2,connerstafford11,GABRIEL DAVIS,6943,WR,11.6,Played,57.0,1820
2024,2,connerstafford11,HOLLYWOOD BROWN,5848,WR,0,Did Not Play,0,
2024,2,connerstafford11,RAHEEM MOSTERT,2749,RB,0,Did Not Play,0,1056
2024,2,connerstafford11,GUS EDWARDS,5248,RB,11.8,Played,33.0,691
2024,2,connerstafford11,DALLAS GOEDERT,5022,TE,10.600000000000001,Played,69.0,2625
2024,2,connerstafford11,KENNY PICKETT,8160,QB,0,Did Not Play,0,1744
2024,2,connerstafford11,JOSH REYNOLDS,4171,WR,22.6,Played,41.0,799
2024,2,connerstafford11,RICKY PEARSALL,11638,WR,0,Did Not Play,0,4079
2024,2,connerstafford11,NICK CHUBB,4988,RB,0,Did Not Play,0,1947
2024,2,connerstafford11,ALLEN LAZARD,5185,WR,4.2,Played,47.0,924
2024,2,connerstafford11,CLYDE EDWARDS HELAIRE,6820,RB,0,Did Not Play,0,830
2024,2,connerstafford11,KIMANI VIDAL,11647,RB,0,Did Not Play,0,1694
2024,2,connerstafford11,DREW LOCK,5854,QB,0,Played,0,1113
2024,3,tmjones212,JJ MCCARTHY,11565,QB,0,Did Not Play,0,5493
2024,3,tmjones212,WILL SHIPLEY,11577,RB,0,Played,0,1759
2024,3,tmjones212,BUCKY IRVING,11584,RB,19.8,Played,18.0,5640
2024,3,tmjones212,XAVIER LEGETTE,11626,WR,10.4,Played,44.0,2941
2024,3,tmjones212,TUA TAGOVAILOA,6768,QB,0,Did Not Play,0,4240
2024,3,tmjones212,COLE KMET,6826,TE,35.400000000000006,Played,73.0,2411
2024,3,tmjones212,DARNELL MOONEY,7090,WR,21.200000000000003,Played,57.0,2808
2024,3,tmjones212,PAT FREIERMUTH,7600,TE,10.600000000000001,Played,55.0,2807
2024,3,tmjones212,KHALIL HERBERT,7608,RB,1.8,Played,9.0,1384
2024,3,tmjones212,WANDALE ROBINSON,8126,WR,19.200000000000003,Played,43.0,2532
2024,3,tmjones212,KHALIL SHAKIR,8134,WR,26.4,Played,35.0,3726
2024,3,tmjones212,TREYLON BURKS,8135,WR,2.8,Played,26.0,1419
2024,3,tmjones212,CHRISTIAN WATSON,8167,WR,15.4,Played,34.0,2660
2024,3,tmjones212,JORDAN ADDISON,9756,WR,0,Did Not Play,0,4839
2024,3,tmjones212,KENDRE MILLER,9757,RB,0,Did Not Play,0,2320
2024,3,BaoDown,DRAKE MAYE,11564,QB,4.6000000000000005,Played,16.0,6760
2024,3,BaoDown,RAY DAVIS,11575,RB,11.6,Played,12.0,2644
2024,3,BaoDown,CARSON STEELE,11582,RB,15.8,Played,46.0,925
2024,3,BaoDown,THEO JOHNSON,11597,TE,3.6,Played,58.0,2179
2024,3,BaoDown,ROMAN WILSON,11630,WR,0,Did Not Play,0,1982
2024,3,BaoDown,DEANDRE HOPKINS,1426,WR,26.6,Played,25.0,1786
2024,3,BaoDown,KEENAN ALLEN,1479,WR,0,Did Not Play,0,2085
2024,3,BaoDown,DEREK CARR,2028,QB,16.800000000000004,Played,56.0,2177
2024,3,BaoDown,MIKE WILLIAMS,4068,WR,9.8,Played,33.0,1388
2024,3,BaoDown,SAM DARNOLD,4943,QB,42.1,Played,61.0,4067
2024,3,BaoDown,JAKOBI MEYERS,5947,WR,27.4,Played,59.0,3209
2024,3,BaoDown,RASHOD BATEMAN,7571,WR,14.600000000000001,Played,39.0,2754
2024,3,BaoDown,ISAIAH LIKELY,8131,TE,1.8,Played,39.0,3392
2024,3,BaoDown,AARON RODGERS,96,QB,43.7,Played,73.0,1658
2024,3,EBao,JAYDEN REED,10222,WR,17.8,Played,36.0,3717
2024,3,EBao,BO NIX,11563,QB,37.0,Played,68.0,6532
2024,3,EBao,BLAKE CORUM,11586,RB,0,Played,0,2785
2024,3,EBao,JALYNN POLK,11619,WR,4.6,Played,26.0,2066
2024,3,EBao,JERMAINE BURTON,11640,WR,0,Played,3.0,1623
2024,3,EBao,DONTA FOREMAN,4111,RB,1.0,Played,11.0,603
2024,3,EBao,AJ BROWN,5859,WR,0,Did Not Play,0,6104
2024,3,EBao,TREVOR LAWRENCE,7523,QB,20.400000000000002,Played,57.0,5590
2024,3,EBao,KYLE PITTS,7553,TE,13.8,Played,42.0,3387
2024,3,EBao,JAVONTE WILLIAMS,7588,RB,8.200000000000001,Played,35.0,2644
2024,3,EBao,JOSH PALMER,7670,WR,0,Did Not Play,0,2176
2024,3,EBao,KEN WALKER,8151,RB,0,Did Not Play,0,4790
2024,3,EBao,JALEN NAILOR,8180,WR,15.8,Played,54.0,1575
2024,3,EBao,JAYLEN WARREN,8228,RB,1.2,Played,23.0,3098
2024,3,EBao,BRENTON STRANGE,9480,TE,10.4,Played,50.0,2766
2024,3,Halteclere,ERIC GRAY,10223,RB,-4.0,Played,3.0,866
2024,3,Halteclere,MIKE WILSON,10232,WR,20.8,Played,53.0,2196
2024,3,Halteclere,IVAN PACE,11086,LB,0,Did Not Play,0,
2024,3,Halteclere,JONATHON BROOKS,11583,RB,0,Did Not Play,0,2902
2024,3,Halteclere,TREY BENSON,11589,RB,1.6,Played,2.0,3364
2024,3,Halteclere,JALEN MCMILLAN,11618,WR,2.2,Played,44.0,3098
2024,3,Halteclere,BRENDEN RICE,11621,WR,0,Played,0,1171
2024,3,Halteclere,ISAAC GUERENDO,11651,RB,3.8000000000000003,Played,10.0,2739
2024,3,Halteclere,DEVAUGHN VELE,11834,WR,0,Did Not Play,0,1633
2024,3,Halteclere,JAMEIS WINSTON,2306,QB,0.2,Played,2.0,1940
2024,3,Halteclere,EVAN ENGRAM,4066,TE,0,Did Not Play,0,2895
2024,3,Halteclere,ZACH WILSON,7538,QB,0,Did Not Play,0,1481
2024,3,Halteclere,JAHAN DOTSON,8119,WR,3.6,Played,63.0,1685
2024,3,Halteclere,TYJAE SPEARS,9508,RB,16.200000000000003,Played,20.0,2872
2024,3,androooooo,ANDREI IOSIVAS,10226,WR,21.4,Played,48.0,2093
2024,3,androooooo,AT PERRY,10863,WR,0,Did Not Play,0,980
2024,3,androooooo,MARSHAWN LLOYD,11581,RB,0,Did Not Play,0,2379
2024,3,androooooo,JACOB COWING,11616,WR,0,Played,0,1388
2024,3,androooooo,TROY FRANKLIN,11627,WR,4.2,Played,17.0,2430
2024,3,androooooo,SIONE VAKI,11729,RB,0,Played,1.0,969
2024,3,androooooo,CJ MOSLEY,1875,LB,0,Did Not Play,0,
2024,3,androooooo,ODELL BECKHAM,2078,WR,0,Did Not Play,0,
2024,3,androooooo,KAREEM HUNT,4098,RB,0,Did Not Play,0,1725
2024,3,androooooo,MATTHEW STAFFORD,421,QB,28.1,Played,58.0,3093
2024,3,androooooo,COURTLAND SUTTON,5045,WR,20.6,Played,50.0,3437
2024,3,androooooo,TJ HOCKENSON,5844,TE,0,Did Not Play,0,4198
2024,3,androooooo,RICO DOWDLE,7021,RB,14.200000000000001,Played,37.0,2297
2024,3,androooooo,JALEN TOLBERT,8117,WR,17.4,Played,60.0,1665
2024,3,androooooo,JOHN METCHIE,8147,WR,0,Did Not Play,0,1706
2024,3,androooooo,JOSH DOWNS,9500,WR,7.4,Played,32.0,3805
2024,3,androooooo,KEATON MITCHELL,9511,RB,0,Did Not Play,0,2041
2024,3,ShadyCommish88,MIKE PENIX,11559,QB,0,Did Not Play,0,5398
2024,3,ShadyCommish88,BRAELON ALLEN,11576,RB,16.6,Played,23.0,3010
2024,3,ShadyCommish88,ERICK ALL,11592,TE,8.4,Played,21.0,1717
2024,3,ShadyCommish88,MALIK WASHINGTON,11610,WR,0,Did Not Play,0,1859
2024,3,ShadyCommish88,TYLER LOCKETT,2374,WR,14.200000000000001,Played,36.0,1147
2024,3,ShadyCommish88,AUSTIN EKELER,4663,RB,19.4,Played,13.0,1926
2024,3,ShadyCommish88,GARDNER MINSHEW,6011,QB,28.200000000000003,Played,51.0,1163
2024,3,ShadyCommish88,CHUBA HUBBARD,7594,RB,47.8,Played,43.0,4108
2024,3,ShadyCommish88,ISIAH PACHECO,8205,RB,0,Did Not Play,0,3073
2024,3,ShadyCommish88,BRYCE YOUNG,9228,QB,0,Did Not Play,0,4896
2024,3,ShadyCommish88,TUCKER KRAFT,9484,TE,6.800000000000001,Played,42.0,3374
2024,3,ShadyCommish88,DONTAYVION WICKS,9486,WR,0,Played,29.0,2547
2024,3,ShadyCommish88,DEMARIO DOUGLAS,9501,WR,22.6,Played,43.0,2398
2024,3,ShadyCommish88,QUENTIN JOHNSTON,9754,WR,16.8,Played,37.0,2771
2024,3,emanueljd3,AUDRIC ESTIME,11579,RB,0,Did Not Play,0,2235
2024,3,emanueljd3,JATAVION SANDERS,11600,TE,0,Played,26.0,2616
2024,3,emanueljd3,JAVON BAKER,11645,WR,0,Played,0,1672
2024,3,emanueljd3,MIKE EVANS,2216,WR,6.4,Played,47.0,3957
2024,3,emanueljd3,DERRICK HENRY,3198,RB,50.800000000000004,Played,37.0,4330
2024,3,emanueljd3,CHRISTIAN MCCAFFREY,4034,RB,0,Did Not Play,0,4745
2024,3,emanueljd3,SAMAJE PERINE,4147,RB,11.0,Played,28.0,878
2024,3,emanueljd3,CALVIN RIDLEY,4981,WR,3.8,Played,39.0,2952
2024,3,emanueljd3,DAVID MONTGOMERY,5892,RB,36.4,Played,35.0,3860
2024,3,emanueljd3,JUSTICE HILL,5995,RB,12.8,Played,26.0,1562
2024,3,emanueljd3,JORDAN LOVE,6804,QB,0,Did Not Play,0,6264
2024,3,emanueljd3,TYLER JOHNSON,6960,WR,7.0,Played,29.0,901
2024,3,emanueljd3,TYLER HUNTLEY,7083,QB,0,Did Not Play,0,854
2024,3,emanueljd3,JAKE FERGUSON,8110,TE,25.0,Played,53.0,2840
2024,3,emanueljd3,ALEC PIERCE,8142,WR,9.8,Played,43.0,2353
2024,3,emanueljd3,PUKA NACUA,9493,WR,0,Did Not Play,0,7385
2024,3,lamjohnson56,LUKE SCHOONMAKER,10871,TE,2.0,Played,25.0,1697
2024,3,lamjohnson56,SPENCER RATTLER,11562,QB,0,Did Not Play,0,1875
2024,3,lamjohnson56,JARED WILEY,11595,TE,0,Played,16.0,1102
2024,3,lamjohnson56,BEN SINNOTT,11596,TE,0,Played,26.0,2647
2024,3,lamjohnson56,ADONAI MITCHELL,11625,WR,0,Played,7.0,2787
2024,3,lamjohnson56,BRANDIN COOKS,2197,WR,5.2,Played,64.0,1216
2024,3,lamjohnson56,COOPER KUPP,4039,WR,0,Did Not Play,0,2941
2024,3,lamjohnson56,GEORGE KITTLE,4217,TE,0,Did Not Play,0,4037
2024,3,lamjohnson56,ALEXANDER MATTISON,5987,RB,17.8,Played,28.0,1336
2024,3,lamjohnson56,AJ DILLON,6828,RB,0,Did Not Play,0,1187
2024,3,lamjohnson56,MAC JONES,7527,QB,-1.7999999999999998,Played,14.0,1543
2024,3,lamjohnson56,TYLER ALLGEIER,8132,RB,6.4,Played,13.0,2582
2024,3,lamjohnson56,SAM HOWELL,8162,QB,0,Did Not Play,0,1682
2024,3,lamjohnson56,TY CHANDLER,8230,RB,2.6,Played,22.0,1121
2024,3,lamjohnson56,ANDY DALTON,829,QB,52.50000000000001,Played,74.0,697
2024,3,lamjohnson56,CHASE BROWN,9224,RB,15.8,Played,15.0,4398
2024,3,Team 9,STETSON BENNETT,10857,QB,0,Did Not Play,0,
2024,3,Team 9,DYLAN LAUBE,11574,RB,0,Did Not Play,0,968
2024,3,Team 9,MALACHI CORLEY,11617,WR,0,Played,0,1632
2024,3,Team 9,LADD MCCONKEY,11635,WR,11.8,Played,33.0,6371
2024,3,Team 9,LUKE MCCAFFREY,11650,WR,11.8,Played,20.0,1949
2024,3,Team 9,TYRONE TRACY,11655,RB,10.0,Played,22.0,3480
2024,3,Team 9,RUSSELL WILSON,1234,QB,0,Did Not Play,0,2425
2024,3,Team 9,DAVID NJOKU,4033,TE,0,Did Not Play,0,3378
2024,3,Team 9,ELIJAH MITCHELL,7561,RB,0,Did Not Play,0,1689
2024,3,Team 9,RONDALE MOORE,7601,WR,0,Did Not Play,0,1512
2024,3,Team 9,BO MELTON,8204,WR,0,Played,17.0,1085
2024,3,Team 9,PARKER WASHINGTON,9487,WR,5.6,Played,22.0,1892
2024,3,Team 9,MARVIN MIMS,9494,WR,2.8,Played,16.0,2739
2024,3,Team 9,HENDON HOOKER,9998,QB,0,Did Not Play,0,1136
2024,3,Team 9,WILL LEVIS,9999,QB,28.4,Played,54.0,1849
2024,3,connerstafford11,JAYLEN WRIGHT,11643,RB,3.4000000000000004,Played,13.0,2675
2024,3,connerstafford11,ANTOINE WINFIELD,6888,DB,0,Did Not Play,0,
2024,3,connerstafford11,GREG DORTCH,5970,WR,10.0,Played,39.0,1419
2024,3,connerstafford11,JACOBY BRISSETT,3257,QB,9.8,Played,36.0,816
2024,3,connerstafford11,EMANUEL WILSON,11435,RB,25.0,Played,26.0,1325
2024,3,connerstafford11,ROSCHON JOHNSON,10235,RB,16.4,Played,33.0,1890
2024,3,connerstafford11,JOE MIXON,4018,RB,0,Did Not Play,0,3831
2024,3,connerstafford11,TANK BIGSBY,9225,RB,1.8,Played,9.0,2951
2024,3,connerstafford11,KENDRICK BOURNE,4454,WR,0,Did Not Play,0,1226
2024,3,connerstafford11,HOLLYWOOD BROWN,5848,WR,0,Did Not Play,0,
2024,3,connerstafford11,RAHEEM MOSTERT,2749,RB,0,Did Not Play,0,1056
2024,3,connerstafford11,GUS EDWARDS,5248,RB,1.8,Played,16.0,691
2024,3,connerstafford11,KENNY PICKETT,8160,QB,0,Did Not Play,0,1744
2024,3,connerstafford11,SKYLAR THOMPSON,8206,QB,10.700000000000001,Played,35.0,
2024,3,connerstafford11,RICKY PEARSALL,11638,WR,0,Did Not Play,0,4079
2024,3,connerstafford11,NICK CHUBB,4988,RB,0,Did Not Play,0,1947
2024,3,connerstafford11,DEEBO SAMUEL,5872,WR,0,Did Not Play,0,3124
2024,3,connerstafford11,CLYDE EDWARDS HELAIRE,6820,RB,0,Did Not Play,0,830
2024,3,connerstafford11,KIMANI VIDAL,11647,RB,0,Did Not Play,0,1694
2024,4,tmjones212,JJ MCCARTHY,11565,QB,0,Did Not Play,0,5493
2024,4,tmjones212,WILL SHIPLEY,11577,RB,0,Played,1.0,1759
2024,4,tmjones212,BUCKY IRVING,11584,RB,18.0,Played,32.0,5640
2024,4,tmjones212,XAVIER WORTHY,11624,WR,23.6,Played,45.0,4790
2024,4,tmjones212,XAVIER LEGETTE,11626,WR,27.200000000000003,Played,61.0,2941
2024,4,tmjones212,DALTON SCHULTZ,5001,TE,9.8,Played,65.0,2110
2024,4,tmjones212,TUA TAGOVAILOA,6768,QB,0,Did Not Play,0,4240
2024,4,tmjones212,JERRY JEUDY,6783,WR,20.4,Played,51.0,3861
2024,4,tmjones212,DARNELL MOONEY,7090,WR,14.200000000000001,Played,54.0,2808
2024,4,tmjones212,PAT FREIERMUTH,7600,TE,22.4,Played,53.0,2807
2024,4,tmjones212,KHALIL HERBERT,7608,RB,0,Played,0,1384
2024,4,tmjones212,WANDALE ROBINSON,8126,WR,25.200000000000003,Played,45.0,2532
2024,4,tmjones212,TREYLON BURKS,8135,WR,3.6,Played,35.0,1419
2024,4,tmjones212,CHRISTIAN WATSON,8167,WR,1.0,Played,9.0,2660
2024,4,tmjones212,KENDRE MILLER,9757,RB,0,Did Not Play,0,2320
2024,4,BaoDown,DRAKE MAYE,11564,QB,0,Did Not Play,0,6760
2024,4,BaoDown,RAY DAVIS,11575,RB,2.2,Played,10.0,2644
2024,4,BaoDown,CARSON STEELE,11582,RB,-1.7999999999999998,Played,11.0,925
2024,4,BaoDown,THEO JOHNSON,11597,TE,2.2,Played,49.0,2179
2024,4,BaoDown,ROMAN WILSON,11630,WR,0,Did Not Play,0,1982
2024,4,BaoDown,DEANDRE HOPKINS,1426,WR,9.2,Played,21.0,1786
2024,4,BaoDown,KEENAN ALLEN,1479,WR,6.800000000000001,Played,41.0,2085
2024,4,BaoDown,DEREK CARR,2028,QB,20.900000000000002,Played,73.0,2177
2024,4,BaoDown,MIKE WILLIAMS,4068,WR,17.4,Played,43.0,1388
2024,4,BaoDown,MATTHEW STAFFORD,421,QB,14.200000000000003,Played,61.0,3093
2024,4,BaoDown,FOYESADE OLUOKUN,5332,LB,0,Did Not Play,0,
2024,4,BaoDown,RASHOD BATEMAN,7571,WR,5.6000000000000005,Played,37.0,2754
2024,4,BaoDown,ISAIAH LIKELY,8131,TE,6.2,Played,31.0,3392
2024,4,BaoDown,AARON RODGERS,96,QB,27.7,Played,74.0,1658
2024,4,EBao,TRE TUCKER,10213,WR,19.8,Played,50.0,1847
2024,4,EBao,BO NIX,11563,QB,12.6,Played,61.0,6532
2024,4,EBao,BLAKE CORUM,11586,RB,0,Played,0,2785
2024,4,EBao,JALYNN POLK,11619,WR,9.0,Played,53.0,2066
2024,4,EBao,JERMAINE BURTON,11640,WR,0,Played,4.0,1623
2024,4,EBao,JAMAAL WILLIAMS,4149,RB,5.800000000000001,Played,11.0,
2024,4,EBao,AJ BROWN,5859,WR,0,Did Not Play,0,6104
2024,4,EBao,MIKE PITTMAN,6819,WR,31.6,Played,58.0,3446
2024,4,EBao,CAM AKERS,6938,RB,10.600000000000001,Played,30.0,1299
2024,4,EBao,TREVOR LAWRENCE,7523,QB,28.900000000000002,Played,58.0,5590
2024,4,EBao,JAVONTE WILLIAMS,7588,RB,18.0,Played,35.0,2644
2024,4,EBao,JOSH PALMER,7670,WR,10.2,Played,44.0,2176
2024,4,EBao,TREY MCBRIDE,8130,TE,0,Did Not Play,0,6584
2024,4,EBao,RACHAAD WHITE,8136,RB,18.8,Played,45.0,2786
2024,4,EBao,JAYLEN WARREN,8228,RB,0,Did Not Play,0,3098
2024,4,EBao,TY CHANDLER,8230,RB,3.6,Played,8.0,1121
2024,4,Halteclere,ERIC GRAY,10223,RB,0.2,Played,5.0,866
2024,4,Halteclere,IVAN PACE,11086,LB,0,Did Not Play,0,
2024,4,Halteclere,JONATHON BROOKS,11583,RB,0,Did Not Play,0,2902
2024,4,Halteclere,TREY BENSON,11589,RB,10.0,Played,11.0,3364
2024,4,Halteclere,JALEN MCMILLAN,11618,WR,0,Did Not Play,0,3098
2024,4,Halteclere,BRENDEN RICE,11621,WR,0,Played,0,1171
2024,4,Halteclere,ISAAC GUERENDO,11651,RB,-4.0,Played,5.0,2739
2024,4,Halteclere,DEVAUGHN VELE,11834,WR,0,Did Not Play,0,1633
2024,4,Halteclere,JAMEIS WINSTON,2306,QB,0,Did Not Play,0,1940
2024,4,Halteclere,EVAN ENGRAM,4066,TE,0,Did Not Play,0,2895
2024,4,Halteclere,ZACH WILSON,7538,QB,0,Did Not Play,0,1481
2024,4,Halteclere,ELIJAH MOORE,7596,WR,3.2,Played,43.0,1858
2024,4,Halteclere,TANK DELL,9502,WR,0,Did Not Play,0,2812
2024,4,Halteclere,TYJAE SPEARS,9508,RB,15.8,Played,27.0,2872
2024,4,androooooo,DEVON WITHERSPOON,10891,DB,0,Did Not Play,0,
2024,4,androooooo,AT PERRY,10863,WR,0,Did Not Play,0,980
2024,4,androooooo,MIKE MAYER,9482,TE,0,Did Not Play,0,2264
2024,4,androooooo,KAREEM HUNT,4098,RB,19.0,Played,28.0,1725
2024,4,androooooo,COURTLAND SUTTON,5045,WR,21.0,Played,48.0,3437
2024,4,androooooo,JOSH DOWNS,9500,WR,30.400000000000002,Played,41.0,3805
2024,4,androooooo,KEON COLEMAN,11637,WR,13.200000000000001,Played,43.0,3696
2024,4,androooooo,MARSHAWN LLOYD,11581,RB,0,Did Not Play,0,2379
2024,4,androooooo,ODELL BECKHAM,2078,WR,0,Did Not Play,0,
2024,4,androooooo,TROY FRANKLIN,11627,WR,1.6,Played,19.0,2430
2024,4,androooooo,ANTONIO GIBSON,6945,RB,18.8,Played,22.0,1639
2024,4,androooooo,EZEKIEL ELLIOTT,3164,RB,5.800000000000001,Played,10.0,
2024,4,androooooo,KEATON MITCHELL,9511,RB,0,Did Not Play,0,2041
2024,4,androooooo,JALEN TOLBERT,8117,WR,7.800000000000001,Played,39.0,1665
2024,4,androooooo,JOHN METCHIE,8147,WR,2.4000000000000004,Played,9.0,1706
2024,4,androooooo,TJ HOCKENSON,5844,TE,0,Did Not Play,0,4198
2024,4,androooooo,SAM DARNOLD,4943,QB,40.5,Played,68.0,4067
2024,4,androooooo,JACOB COWING,11616,WR,0,Played,4.0,1388
2024,4,ShadyCommish88,AIDAN OCONNELL,10866,QB,0,Did Not Play,0,1373
2024,4,ShadyCommish88,BRIAN BRANCH,10905,DB,0,Did Not Play,0,
2024,4,ShadyCommish88,TYSON BAGENT,11256,QB,0,Did Not Play,0,713
2024,4,ShadyCommish88,MIKE PENIX,11559,QB,0,Did Not Play,0,5398
2024,4,ShadyCommish88,JORDAN TRAVIS,11567,QB,0,Did Not Play,0,1085
2024,4,ShadyCommish88,BRAELON ALLEN,11576,RB,10.200000000000001,Played,27.0,3010
2024,4,ShadyCommish88,ERICK ALL,11592,TE,9.600000000000001,Played,40.0,1717
2024,4,ShadyCommish88,MALIK WASHINGTON,11610,WR,2.6,Played,14.0,1859
2024,4,ShadyCommish88,TYLER LOCKETT,2374,WR,17.200000000000003,Played,64.0,1147
2024,4,ShadyCommish88,AUSTIN EKELER,4663,RB,0,Did Not Play,0,1926
2024,4,ShadyCommish88,GARDNER MINSHEW,6011,QB,12.6,Played,59.0,1163
2024,4,ShadyCommish88,ISIAH PACHECO,8205,RB,0,Did Not Play,0,3073
2024,4,ShadyCommish88,BRYCE YOUNG,9228,QB,0,Did Not Play,0,4896
2024,4,ShadyCommish88,TUCKER KRAFT,9484,TE,20.6,Played,65.0,3374
2024,4,ShadyCommish88,DONTAYVION WICKS,9486,WR,32.6,Played,58.0,2547
2024,4,ShadyCommish88,DEMARIO DOUGLAS,9501,WR,5.6,Played,38.0,2398
2024,4,ShadyCommish88,QUENTIN JOHNSTON,9754,WR,3.6,Played,43.0,2771
2024,4,emanueljd3,SAM LAPORTA,10859,TE,14.600000000000001,Played,47.0,5361
2024,4,emanueljd3,AUDRIC ESTIME,11579,RB,0,Did Not Play,0,2235
2024,4,emanueljd3,JATAVION SANDERS,11600,TE,5.2,Played,20.0,2616
2024,4,emanueljd3,JAVON BAKER,11645,WR,0,Did Not Play,0,1672
2024,4,emanueljd3,KIRK COUSINS,1166,QB,19.8,Played,56.0,2265
2024,4,emanueljd3,DAVANTE ADAMS,2133,WR,0,Did Not Play,0,3635
2024,4,emanueljd3,MIKE EVANS,2216,WR,32.8,Played,59.0,3957
2024,4,emanueljd3,ALEX SINGLETON,2617,LB,0,Did Not Play,0,
2024,4,emanueljd3,CHRISTIAN MCCAFFREY,4034,RB,0,Did Not Play,0,4745
2024,4,emanueljd3,SAMAJE PERINE,4147,RB,8.8,Played,25.0,878
2024,4,emanueljd3,NOAH BROWN,4234,WR,8.2,Played,48.0,1234
2024,4,emanueljd3,CALVIN RIDLEY,4981,WR,4.0,Played,38.0,2952
2024,4,emanueljd3,TYLER HUNTLEY,7083,QB,19.6,Played,60.0,854
2024,4,emanueljd3,TUTU ATWELL,7562,WR,21.400000000000002,Played,55.0,1751
2024,4,emanueljd3,ALEC PIERCE,8142,WR,2.8,Played,55.0,2353
2024,4,emanueljd3,JAMESON WILLIAMS,8148,WR,24.0,Played,51.0,4551
2024,4,emanueljd3,PUKA NACUA,9493,WR,0,Did Not Play,0,7385
2024,4,lamjohnson56,LUKE SCHOONMAKER,10871,TE,0,Played,19.0,1697
2024,4,lamjohnson56,SPENCER RATTLER,11562,QB,0,Did Not Play,0,1875
2024,4,lamjohnson56,JARED WILEY,11595,TE,0,Played,10.0,1102
2024,4,lamjohnson56,BEN SINNOTT,11596,TE,0,Played,30.0,2647
2024,4,lamjohnson56,ADONAI MITCHELL,11625,WR,2.0,Played,13.0,2787
2024,4,lamjohnson56,ZACH ERTZ,1339,TE,10.4,Played,49.0,1836
2024,4,lamjohnson56,GENO SMITH,1373,QB,52.1,Played,90.0,3456
2024,4,lamjohnson56,BRANDIN COOKS,2197,WR,4.2,Played,46.0,1216
2024,4,lamjohnson56,COOPER KUPP,4039,WR,0,Did Not Play,0,2941
2024,4,lamjohnson56,ALEXANDER MATTISON,5987,RB,12.0,Played,21.0,1336
2024,4,lamjohnson56,AJ DILLON,6828,RB,0,Did Not Play,0,1187
2024,4,lamjohnson56,DEVONTA SMITH,7525,WR,0,Did Not Play,0,5268
2024,4,lamjohnson56,MAC JONES,7527,QB,0,Did Not Play,0,1543
2024,4,lamjohnson56,TYLER ALLGEIER,8132,RB,19.0,Played,21.0,2582
2024,4,lamjohnson56,ZAMIR WHITE,8139,RB,6.0,Played,35.0,1213
2024,4,lamjohnson56,SAM HOWELL,8162,QB,0,Played,1.0,1682
2024,4,lamjohnson56,JALEN NAILOR,8180,WR,3.2,Played,14.0,1575
2024,4,Team 9,DAVID NJOKU,4033,TE,0,Did Not Play,0,3378
2024,4,Team 9,DEUCE VAUGHN,9505,RB,0,Played,4.0,1062
2024,4,Team 9,BUB MEANS,11748,WR,0,Played,6.0,1261
2024,4,Team 9,BO MELTON,8204,WR,7.6000000000000005,Played,11.0,1085
2024,4,Team 9,RASHEEN ALI,11570,RB,0,Did Not Play,0,1088
2024,4,Team 9,RUSSELL WILSON,1234,QB,0,Did Not Play,0,2425
2024,4,Team 9,ADAM THIELEN,1689,WR,0,Did Not Play,0,1750
2024,4,Team 9,MALACHI CORLEY,11617,WR,0,Did Not Play,0,1632
2024,4,Team 9,LILJORDAN HUMPHREY,5938,WR,0,Played,42.0,733
2024,4,Team 9,TYLER BADIE,8208,RB,-2.8,Played,5.0,908
2024,4,Team 9,LUKE MCCAFFREY,11650,WR,4.4,Played,32.0,1949
2024,4,Team 9,WILL LEVIS,9999,QB,-0.5,Played,11.0,1849
2024,4,Team 9,SEAN TUCKER,9506,RB,4.4,Played,6.0,1985
2024,4,Team 9,HENDON HOOKER,9998,QB,0,Did Not Play,0,1136
2024,4,Team 9,LADD MCCONKEY,11635,WR,24.4,Played,43.0,6371
2024,4,Team 9,ELIJAH MITCHELL,7561,RB,0,Did Not Play,0,1689
2024,4,Team 9,RONDALE MOORE,7601,WR,0,Did Not Play,0,1512
2024,4,Team 9,DYLAN LAUBE,11574,RB,0,Played,0,968
2024,4,connerstafford11,JAYLEN WRIGHT,11643,RB,6.4,Played,28.0,2675
2024,4,connerstafford11,ANTOINE WINFIELD,6888,DB,0,Did Not Play,0,
2024,4,connerstafford11,GREG DORTCH,5970,WR,11.600000000000001,Played,43.0,1419
2024,4,connerstafford11,JACOBY BRISSETT,3257,QB,15.4,Played,64.0,816
2024,4,connerstafford11,EMANUEL WILSON,11435,RB,5.4,Played,30.0,1325
2024,4,connerstafford11,ROSCHON JOHNSON,10235,RB,11.2,Played,22.0,1890
2024,4,connerstafford11,JOE MIXON,4018,RB,0,Did Not Play,0,3831
2024,4,connerstafford11,TANK BIGSBY,9225,RB,18.0,Played,17.0,2951
2024,4,connerstafford11,KENDRICK BOURNE,4454,WR,0,Did Not Play,0,1226
2024,4,connerstafford11,HOLLYWOOD BROWN,5848,WR,0,Did Not Play,0,
2024,4,connerstafford11,RAHEEM MOSTERT,2749,RB,0,Did Not Play,0,1056
2024,4,connerstafford11,GUS EDWARDS,5248,RB,3.8000000000000003,Played,14.0,691
2024,4,connerstafford11,KENNY PICKETT,8160,QB,0,Did Not Play,0,1744
2024,4,connerstafford11,JOSH REYNOLDS,4171,WR,0,Played,26.0,799
2024,4,connerstafford11,RICKY PEARSALL,11638,WR,0,Did Not Play,0,4079
2024,4,connerstafford11,NICK CHUBB,4988,RB,0,Did Not Play,0,1947
2024,4,connerstafford11,CLYDE EDWARDS HELAIRE,6820,RB,0,Did Not Play,0,830
2024,4,connerstafford11,KIMANI VIDAL,11647,RB,0,Did Not Play,0,1694
2024,4,connerstafford11,JUSTICE HILL,5995,RB,31.200000000000003,Played,20.0,1562
2024,5,tmjones212,JJ MCCARTHY,11565,QB,0,Did Not Play,0,5493
2024,5,tmjones212,WILL SHIPLEY,11577,RB,0,Did Not Play,0,1759
2024,5,tmjones212,XAVIER WORTHY,11624,WR,14.6,Played,56.0,4790
2024,5,tmjones212,XAVIER LEGETTE,11626,WR,2.6,Played,22.0,2941
2024,5,tmjones212,DALTON SCHULTZ,5001,TE,10.8,Played,67.0,2110
2024,5,tmjones212,TUA TAGOVAILOA,6768,QB,0,Did Not Play,0,4240
2024,5,tmjones212,DARNELL MOONEY,7090,WR,45.0,Played,85.0,2808
2024,5,tmjones212,AMON RA ST BROWN,7547,WR,0,Did Not Play,0,7502
2024,5,tmjones212,PAT FREIERMUTH,7600,TE,9.4,Played,46.0,2807
2024,5,tmjones212,KHALIL HERBERT,7608,RB,0,Played,3.0,1384
2024,5,tmjones212,KHALIL SHAKIR,8134,WR,0,Did Not Play,0,3726
2024,5,tmjones212,TREYLON BURKS,8135,WR,0,Did Not Play,0,1419
2024,5,tmjones212,CHRISTIAN WATSON,8167,WR,0,Did Not Play,0,2660
2024,5,tmjones212,ZACH CHARBONNET,9753,RB,9.0,Played,21.0,3434
2024,5,tmjones212,KENDRE MILLER,9757,RB,0,Did Not Play,0,2320
2024,5,BaoDown,DRAKE MAYE,11564,QB,0,Did Not Play,0,6760
2024,5,BaoDown,RAY DAVIS,11575,RB,1.8,Played,2.0,2644
2024,5,BaoDown,CARSON STEELE,11582,RB,2.4000000000000004,Played,16.0,925
2024,5,BaoDown,THEO JOHNSON,11597,TE,14.600000000000001,Played,56.0,2179
2024,5,BaoDown,ROMAN WILSON,11630,WR,0,Did Not Play,0,1982
2024,5,BaoDown,DEANDRE HOPKINS,1426,WR,0,Did Not Play,0,1786
2024,5,BaoDown,DEREK CARR,2028,QB,24.5,Played,44.0,2177
2024,5,BaoDown,MIKE WILLIAMS,4068,WR,8.0,Played,51.0,1388
2024,5,BaoDown,MATTHEW STAFFORD,421,QB,28.0,Played,78.0,3093
2024,5,BaoDown,SAQUON BARKLEY,4866,RB,0,Did Not Play,0,6505
2024,5,BaoDown,MARK ANDREWS,5012,TE,15.0,Played,43.0,3275
2024,5,BaoDown,FOYESADE OLUOKUN,5332,LB,0,Did Not Play,0,
2024,5,BaoDown,ISAIAH LIKELY,8131,TE,17.6,Played,55.0,3392
2024,5,BaoDown,AARON RODGERS,96,QB,24.400000000000002,Played,72.0,1658
2024,5,EBao,TRE TUCKER,10213,WR,8.2,Played,59.0,1847
2024,5,EBao,BO NIX,11563,QB,40.4,Played,63.0,6532
2024,5,EBao,BLAKE CORUM,11586,RB,7.6,Played,11.0,2785
2024,5,EBao,JALYNN POLK,11619,WR,3.6,Played,60.0,2066
2024,5,EBao,JERMAINE BURTON,11640,WR,0,Played,1.0,1623
2024,5,EBao,AJ BROWN,5859,WR,0,Did Not Play,0,6104
2024,5,EBao,DEVIN SINGLETARY,6130,RB,0,Did Not Play,0,1627
2024,5,EBao,ZACK BAUN,6815,LB,0,Did Not Play,0,
2024,5,EBao,TREVOR LAWRENCE,7523,QB,48.9,Played,58.0,5590
2024,5,EBao,KYLE PITTS,7553,TE,24.6,Played,74.0,3387
2024,5,EBao,JAVONTE WILLIAMS,7588,RB,30.200000000000003,Played,40.0,2644
2024,5,EBao,JOSH PALMER,7670,WR,0,Did Not Play,0,2176
2024,5,EBao,NOAH GRAY,7828,TE,7.800000000000001,Played,51.0,2229
2024,5,EBao,RACHAAD WHITE,8136,RB,16.2,Played,34.0,2786
2024,5,EBao,JAYLEN WARREN,8228,RB,0,Did Not Play,0,3098
2024,5,Halteclere,JONATHON BROOKS,11583,RB,0,Did Not Play,0,2902
2024,5,Halteclere,JALEN MCMILLAN,11618,WR,0,Did Not Play,0,3098
2024,5,Halteclere,BRENDEN RICE,11621,WR,0,Did Not Play,0,1171
2024,5,Halteclere,MALIK NABERS,11632,WR,0,Did Not Play,0,8575
2024,5,Halteclere,ISAAC GUERENDO,11651,RB,4.4,Played,9.0,2739
2024,5,Halteclere,DEVAUGHN VELE,11834,WR,0,Did Not Play,0,1633
2024,5,Halteclere,JARED GOFF,3163,QB,0,Did Not Play,0,4847
2024,5,Halteclere,EVAN ENGRAM,4066,TE,0,Did Not Play,0,2895
2024,5,Halteclere,JUSTIN HERBERT,6797,QB,0,Did Not Play,0,6769
2024,5,Halteclere,JK DOBBINS,6806,RB,0,Did Not Play,0,2422
2024,5,Halteclere,ZACH WILSON,7538,QB,0,Did Not Play,0,1481
2024,5,Halteclere,JAHAN DOTSON,8119,WR,0,Did Not Play,0,1685
2024,5,Halteclere,JAHMYR GIBBS,9221,RB,0,Did Not Play,0,8162
2024,5,Halteclere,TYJAE SPEARS,9508,RB,0,Did Not Play,0,2872
2024,5,androooooo,ANDREI IOSIVAS,10226,WR,8.8,Played,53.0,2093
2024,5,androooooo,AT PERRY,10863,WR,0,Did Not Play,0,980
2024,5,androooooo,CALEB WILLIAMS,11560,QB,52.2,Played,72.0,6758
2024,5,androooooo,MARSHAWN LLOYD,11581,RB,0,Did Not Play,0,2379
2024,5,androooooo,JACOB COWING,11616,WR,0,Did Not Play,0,1388
2024,5,androooooo,TROY FRANKLIN,11627,WR,5.0,Played,11.0,2430
2024,5,androooooo,KEON COLEMAN,11637,WR,16.8,Played,38.0,3696
2024,5,androooooo,ODELL BECKHAM,2078,WR,0,Played,11.0,
2024,5,androooooo,COURTLAND SUTTON,5045,WR,8.4,Played,51.0,3437
2024,5,androooooo,TJ HOCKENSON,5844,TE,0,Did Not Play,0,4198
2024,5,androooooo,ANTONIO GIBSON,6945,RB,12.200000000000001,Played,28.0,1639
2024,5,androooooo,RICO DOWDLE,7021,RB,33.800000000000004,Played,38.0,2297
2024,5,androooooo,JALEN TOLBERT,8117,WR,30.400000000000002,Played,68.0,1665
2024,5,androooooo,JOHN METCHIE,8147,WR,0,Played,3.0,1706
2024,5,androooooo,MIKE MAYER,9482,TE,0,Did Not Play,0,2264
2024,5,androooooo,KEATON MITCHELL,9511,RB,0,Did Not Play,0,2041
2024,5,ShadyCommish88,AIDAN OCONNELL,10866,QB,5.4,Played,26.0,1373
2024,5,ShadyCommish88,MIKE PENIX,11559,QB,0,Did Not Play,0,5398
2024,5,ShadyCommish88,JORDAN TRAVIS,11567,QB,0,Did Not Play,0,1085
2024,5,ShadyCommish88,BRAELON ALLEN,11576,RB,6.6,Played,19.0,3010
2024,5,ShadyCommish88,ERICK ALL,11592,TE,4.0,Played,35.0,1717
2024,5,ShadyCommish88,MALIK WASHINGTON,11610,WR,1.0,Played,20.0,1859
2024,5,ShadyCommish88,RYAN FLOURNOY,11783,WR,0,Played,10.0,684
2024,5,ShadyCommish88,TYLER LOCKETT,2374,WR,19.0,Played,49.0,1147
2024,5,ShadyCommish88,AUSTIN EKELER,4663,RB,21.4,Played,33.0,1926
2024,5,ShadyCommish88,GARDNER MINSHEW,6011,QB,16.1,Played,44.0,1163
2024,5,ShadyCommish88,JEROME FORD,8143,RB,12.8,Played,36.0,2370
2024,5,ShadyCommish88,ISIAH PACHECO,8205,RB,0,Did Not Play,0,3073
2024,5,ShadyCommish88,BRYCE YOUNG,9228,QB,7.4,Played,9.0,4896
2024,5,ShadyCommish88,ANTHONY RICHARDSON,9229,QB,0,Did Not Play,0,3642
2024,5,ShadyCommish88,TUCKER KRAFT,9484,TE,33.6,Played,50.0,3374
2024,5,ShadyCommish88,DEMARIO DOUGLAS,9501,WR,17.8,Played,40.0,2398
2024,5,ShadyCommish88,QUENTIN JOHNSTON,9754,WR,0,Did Not Play,0,2771
2024,5,emanueljd3,JATAVION SANDERS,11600,TE,5.6,Played,45.0,2616
2024,5,emanueljd3,DJ CHARK,4951,WR,0,Did Not Play,0,838
2024,5,emanueljd3,JAVON BAKER,11645,WR,0,Did Not Play,0,1672
2024,5,emanueljd3,AINIAS SMITH,11615,WR,0,Did Not Play,0,821
2024,5,emanueljd3,RASHOD BATEMAN,7571,WR,21.6,Played,49.0,2754
2024,5,emanueljd3,DAVID MONTGOMERY,5892,RB,0,Did Not Play,0,3860
2024,5,emanueljd3,SAMAJE PERINE,4147,RB,5.800000000000001,Played,21.0,878
2024,5,emanueljd3,JAMESON WILLIAMS,8148,WR,0,Did Not Play,0,4551
2024,5,emanueljd3,ALEX SINGLETON,2617,LB,0,Did Not Play,0,
2024,5,emanueljd3,CHRISTIAN MCCAFFREY,4034,RB,0,Did Not Play,0,4745
2024,5,emanueljd3,CALVIN RIDLEY,4981,WR,0,Did Not Play,0,2952
2024,5,emanueljd3,PUKA NACUA,9493,WR,0,Did Not Play,0,7385
2024,5,emanueljd3,TUTU ATWELL,7562,WR,19.0,Played,63.0,1751
2024,5,emanueljd3,TYLER HUNTLEY,7083,QB,16.8,Played,78.0,854
2024,5,emanueljd3,JAMEL DEAN,5946,CB,0,Did Not Play,0,
2024,5,emanueljd3,SAM LAPORTA,10859,TE,0,Did Not Play,0,5361
2024,5,emanueljd3,KIRK COUSINS,1166,QB,76.9,Played,87.0,2265
2024,5,emanueljd3,AUDRIC ESTIME,11579,RB,0,Did Not Play,0,2235
2024,5,lamjohnson56,AJ DILLON,6828,RB,0,Did Not Play,0,1187
2024,5,lamjohnson56,MAC JONES,7527,QB,0,Did Not Play,0,1543
2024,5,lamjohnson56,ZAMIR WHITE,8139,RB,0,Did Not Play,0,1213
2024,5,lamjohnson56,LUKE SCHOONMAKER,10871,TE,2.6,Played,20.0,1697
2024,5,lamjohnson56,SAM HOWELL,8162,QB,0,Did Not Play,0,1682
2024,5,lamjohnson56,ADONAI MITCHELL,11625,WR,14.8,Played,19.0,2787
2024,5,lamjohnson56,SPENCER RATTLER,11562,QB,0,Did Not Play,0,1875
2024,5,lamjohnson56,ROMEO DOUBS,8121,WR,0,Did Not Play,0,2679
2024,5,lamjohnson56,DAMEON PIERCE,8129,RB,0,Did Not Play,0,1388
2024,5,lamjohnson56,JARED WILEY,11595,TE,0,Played,18.0,1102
2024,5,lamjohnson56,COOPER KUPP,4039,WR,0,Did Not Play,0,2941
2024,5,lamjohnson56,DEVONTA SMITH,7525,WR,0,Did Not Play,0,5268
2024,5,lamjohnson56,RASHEE RICE,10229,WR,0,Did Not Play,0,5411
2024,5,lamjohnson56,OLAMIDE ZACCHEAUS,6271,WR,3.0,Played,34.0,1176
2024,5,lamjohnson56,TONY POLLARD,5967,RB,0,Did Not Play,0,2980
2024,5,lamjohnson56,BEN SINNOTT,11596,TE,0,Played,24.0,2647
2024,5,lamjohnson56,DAVANTE ADAMS,2133,WR,0,Did Not Play,0,3635
2024,5,lamjohnson56,ZACH ERTZ,1339,TE,5.0,Played,38.0,1836
2024,5,lamjohnson56,ANDY DALTON,829,QB,10.200000000000001,Played,51.0,697
2024,5,Team 9,DAVID NJOKU,4033,TE,3.8000000000000003,Played,26.0,3378
2024,5,Team 9,DEUCE VAUGHN,9505,RB,0,Did Not Play,0,1062
2024,5,Team 9,BUB MEANS,11748,WR,0,Played,1.0,1261
2024,5,Team 9,BO MELTON,8204,WR,3.4000000000000004,Played,29.0,1085
2024,5,Team 9,RASHEEN ALI,11570,RB,0,Did Not Play,0,1088
2024,5,Team 9,RUSSELL WILSON,1234,QB,0,Did Not Play,0,2425
2024,5,Team 9,ADAM THIELEN,1689,WR,0,Did Not Play,0,1750
2024,5,Team 9,MALACHI CORLEY,11617,WR,0,Did Not Play,0,1632
2024,5,Team 9,LILJORDAN HUMPHREY,5938,WR,11.600000000000001,Played,40.0,733
2024,5,Team 9,TYLER BADIE,8208,RB,0,Did Not Play,0,908
2024,5,Team 9,LUKE MCCAFFREY,11650,WR,6.800000000000001,Played,44.0,1949
2024,5,Team 9,WILL LEVIS,9999,QB,0,Did Not Play,0,1849
2024,5,Team 9,SEAN TUCKER,9506,RB,0,Played,0,1985
2024,5,Team 9,HENDON HOOKER,9998,QB,0,Did Not Play,0,1136
2024,5,Team 9,LADD MCCONKEY,11635,WR,0,Did Not Play,0,6371
2024,5,Team 9,ELIJAH MITCHELL,7561,RB,0,Did Not Play,0,1689
2024,5,Team 9,RONDALE MOORE,7601,WR,0,Did Not Play,0,1512
2024,5,Team 9,DYLAN LAUBE,11574,RB,0,Played,0,968
2024,5,connerstafford11,JONATHAN TAYLOR,6813,RB,0,Did Not Play,0,5503
2024,5,connerstafford11,JAYLEN WRIGHT,11643,RB,17.2,Played,25.0,2675
2024,5,connerstafford11,ANTOINE WINFIELD,6888,DB,0,Did Not Play,0,
2024,5,connerstafford11,GREG DORTCH,5970,WR,2.4000000000000004,Played,24.0,1419
2024,5,connerstafford11,EMANUEL WILSON,11435,RB,4.000000000000001,Played,15.0,1325
2024,5,connerstafford11,ROSCHON JOHNSON,10235,RB,17.0,Played,23.0,1890
2024,5,connerstafford11,JOE MIXON,4018,RB,0,Did Not Play,0,3831
2024,5,connerstafford11,TANK BIGSBY,9225,RB,41.800000000000004,Played,23.0,2951
2024,5,connerstafford11,KENDRICK BOURNE,4454,WR,2.2,Played,16.0,1226
2024,5,connerstafford11,GABRIEL DAVIS,6943,WR,6.6000000000000005,Played,45.0,1820
2024,5,connerstafford11,HOLLYWOOD BROWN,5848,WR,0,Did Not Play,0,
2024,5,connerstafford11,RAHEEM MOSTERT,2749,RB,21.6,Played,44.0,1056
2024,5,connerstafford11,DALLAS GOEDERT,5022,TE,0,Did Not Play,0,2625
2024,5,connerstafford11,RICKY PEARSALL,11638,WR,0,Did Not Play,0,4079
2024,5,connerstafford11,NICK CHUBB,4988,RB,0,Did Not Play,0,1947
2024,5,connerstafford11,DEMARCUS ROBINSON,3286,WR,14.600000000000001,Played,76.0,1127
2024,5,connerstafford11,JALEN HURTS,6904,QB,0,Did Not Play,0,8126
2024,5,connerstafford11,CLYDE EDWARDS HELAIRE,6820,RB,0,Did Not Play,0,830
2024,5,connerstafford11,KIMANI VIDAL,11647,RB,0,Did Not Play,0,1694
2024,6,tmjones212,JJ MCCARTHY,11565,QB,0,Did Not Play,0,5493
2024,6,tmjones212,WILL SHIPLEY,11577,RB,0,Played,0,1759
2024,6,tmjones212,XAVIER WORTHY,11624,WR,0,Did Not Play,0,4790
2024,6,tmjones212,XAVIER LEGETTE,11626,WR,13.600000000000001,Played,51.0,2941
2024,6,tmjones212,JUJU SMITH SCHUSTER,4040,WR,0,Did Not Play,0,1138
2024,6,tmjones212,TUA TAGOVAILOA,6768,QB,0,Did Not Play,0,4240
2024,6,tmjones212,JERRY JEUDY,6783,WR,8.0,Played,52.0,3861
2024,6,tmjones212,PAT FREIERMUTH,7600,TE,5.2,Played,58.0,2807
2024,6,tmjones212,KHALIL SHAKIR,8134,WR,5.800000000000001,Played,26.0,3726
2024,6,tmjones212,TREYLON BURKS,8135,WR,3.0,Played,9.0,1419
2024,6,tmjones212,CHRISTIAN WATSON,8167,WR,22.6,Played,44.0,2660
2024,6,tmjones212,ZACH CHARBONNET,9753,RB,8.0,Played,24.0,3434
2024,6,tmjones212,JORDAN ADDISON,9756,WR,0,Did Not Play,0,4839
2024,6,tmjones212,KENDRE MILLER,9757,RB,0,Did Not Play,0,2320
2024,6,BaoDown,DRAKE MAYE,11564,QB,38.9,Played,66.0,6760
2024,6,BaoDown,THEO JOHNSON,11597,TE,9.0,Played,70.0,2179
2024,6,BaoDown,ROMAN WILSON,11630,WR,0,Played,5.0,1982
2024,6,BaoDown,DEANDRE HOPKINS,1426,WR,14.8,Played,41.0,1786
2024,6,BaoDown,DEREK CARR,2028,QB,0,Did Not Play,0,2177
2024,6,BaoDown,MIKE WILLIAMS,4068,WR,1.0,Played,32.0,1388
2024,6,BaoDown,MATTHEW STAFFORD,421,QB,0,Did Not Play,0,3093
2024,6,BaoDown,MARK ANDREWS,5012,TE,22.200000000000003,Played,34.0,3275
2024,6,BaoDown,FOYESADE OLUOKUN,5332,LB,0,Did Not Play,0,
2024,6,BaoDown,JAKOBI MEYERS,5947,WR,0,Did Not Play,0,3209
2024,6,BaoDown,CADE OTTON,8111,TE,13.0,Played,62.0,2824
2024,6,BaoDown,ISAIAH LIKELY,8131,TE,7.4,Played,46.0,3392
2024,6,BaoDown,TY CHANDLER,8230,RB,0,Did Not Play,0,1121
2024,6,BaoDown,JAQUAN BRISKER,8323,DB,0,Did Not Play,0,
2024,6,BaoDown,DEVON ACHANE,9226,RB,0,Did Not Play,0,5982
2024,6,BaoDown,AARON RODGERS,96,QB,37.400000000000006,Played,63.0,1658
2024,6,EBao,TRE TUCKER,10213,WR,1.0,Played,60.0,1847
2024,6,EBao,XAVIER HUTCHINSON,10218,WR,0,Played,33.0,1396
2024,6,EBao,BO NIX,11563,QB,41.800000000000004,Played,55.0,6532
2024,6,EBao,BLAKE CORUM,11586,RB,0,Did Not Play,0,2785
2024,6,EBao,JALYNN POLK,11619,WR,1.8,Played,43.0,2066
2024,6,EBao,JERMAINE BURTON,11640,WR,0,Did Not Play,0,1623
2024,6,EBao,TY JOHNSON,6039,RB,6.800000000000001,Played,25.0,1400
2024,6,EBao,DEVIN SINGLETARY,6130,RB,0,Did Not Play,0,1627
2024,6,EBao,TREVOR LAWRENCE,7523,QB,35.800000000000004,Played,59.0,5590
2024,6,EBao,KYLE PITTS,7553,TE,17.0,Played,45.0,3387
2024,6,EBao,NICO COLLINS,7569,WR,0,Did Not Play,0,6577
2024,6,EBao,JAVONTE WILLIAMS,7588,RB,6.200000000000001,Played,37.0,2644
2024,6,EBao,RACHAAD WHITE,8136,RB,0,Did Not Play,0,2786
2024,6,EBao,KYREN WILLIAMS,8150,RB,0,Did Not Play,0,5285
2024,6,EBao,TYLER GOODSON,8207,RB,17.0,Played,27.0,1028
2024,6,EBao,JAYLEN WARREN,8228,RB,6.6000000000000005,Played,25.0,3098
2024,6,Halteclere,ERIC GRAY,10223,RB,2.6,Played,14.0,866
2024,6,Halteclere,IVAN PACE,11086,LB,0,Did Not Play,0,
2024,6,Halteclere,JONATHON BROOKS,11583,RB,0,Did Not Play,0,2902
2024,6,Halteclere,TREY BENSON,11589,RB,5.2,Played,11.0,3364
2024,6,Halteclere,JALEN MCMILLAN,11618,WR,0,Played,14.0,3098
2024,6,Halteclere,BRENDEN RICE,11621,WR,0,Did Not Play,0,1171
2024,6,Halteclere,MALIK NABERS,11632,WR,0,Did Not Play,0,8575
2024,6,Halteclere,ISAAC GUERENDO,11651,RB,19.8,Played,17.0,2739
2024,6,Halteclere,DEVAUGHN VELE,11834,WR,19.6,Played,34.0,1633
2024,6,Halteclere,EVAN ENGRAM,4066,TE,29.400000000000002,Played,38.0,2895
2024,6,Halteclere,TJ WATT,4070,LB,0,Did Not Play,0,
2024,6,Halteclere,ZACH WILSON,7538,QB,0,Did Not Play,0,1481
2024,6,Halteclere,ELIJAH MOORE,7596,WR,1.6,Played,38.0,1858
2024,6,Halteclere,JAHAN DOTSON,8119,WR,5.6,Played,22.0,1685
2024,6,androooooo,ANDREI IOSIVAS,10226,WR,9.2,Played,35.0,2093
2024,6,androooooo,AT PERRY,10863,WR,0,Did Not Play,0,980
2024,6,androooooo,MARSHAWN LLOYD,11581,RB,0,Did Not Play,0,2379
2024,6,androooooo,JACOB COWING,11616,WR,0,Played,1.0,1388
2024,6,androooooo,TROY FRANKLIN,11627,WR,15.2,Played,36.0,2430
2024,6,androooooo,KEON COLEMAN,11637,WR,8.2,Played,44.0,3696
2024,6,androooooo,ODELL BECKHAM,2078,WR,0,Did Not Play,0,
2024,6,androooooo,ERIC KENDRICKS,2350,LB,0,Did Not Play,0,
2024,6,androooooo,KAREEM HUNT,4098,RB,0,Did Not Play,0,1725
2024,6,androooooo,SAM DARNOLD,4943,QB,0,Did Not Play,0,4067
2024,6,androooooo,COURTLAND SUTTON,5045,WR,20.6,Played,47.0,3437
2024,6,androooooo,TJ HOCKENSON,5844,TE,0,Did Not Play,0,4198
2024,6,androooooo,RICO DOWDLE,7021,RB,16.0,Played,19.0,2297
2024,6,androooooo,JOHN METCHIE,8147,WR,0,Played,25.0,1706
2024,6,androooooo,RASHID SHAHEED,8676,WR,11.600000000000001,Played,57.0,2903
2024,6,androooooo,MIKE MAYER,9482,TE,0,Did Not Play,0,2264
2024,6,androooooo,KEATON MITCHELL,9511,RB,0,Did Not Play,0,2041
2024,6,ShadyCommish88,RAY DAVIS,11575,RB,36.400000000000006,Played,40.0,2644
2024,6,ShadyCommish88,RYAN FLOURNOY,11783,WR,0.40000000000000036,Played,2.0,684
2024,6,ShadyCommish88,QUENTIN JOHNSTON,9754,WR,7.4,Played,32.0,2771
2024,6,ShadyCommish88,JALEN COKER,11646,WR,9.0,Played,43.0,2719
2024,6,ShadyCommish88,AIDAN OCONNELL,10866,QB,25.700000000000003,Played,63.0,1373
2024,6,ShadyCommish88,ANTHONY RICHARDSON,9229,QB,0,Did Not Play,0,3642
2024,6,ShadyCommish88,MIKE PENIX,11559,QB,0,Did Not Play,0,5398
2024,6,ShadyCommish88,JEROME FORD,8143,RB,2.8000000000000003,Played,4.0,2370
2024,6,ShadyCommish88,BRAELON ALLEN,11576,RB,1.6,Played,12.0,3010
2024,6,ShadyCommish88,TUCKER KRAFT,9484,TE,5.0,Played,60.0,3374
2024,6,ShadyCommish88,BRYCE YOUNG,9228,QB,0,Did Not Play,0,4896
2024,6,ShadyCommish88,DEMARIO DOUGLAS,9501,WR,30.400000000000002,Played,41.0,2398
2024,6,ShadyCommish88,JORDAN TRAVIS,11567,QB,0,Did Not Play,0,1085
2024,6,ShadyCommish88,ISIAH PACHECO,8205,RB,0,Did Not Play,0,3073
2024,6,ShadyCommish88,ERICK ALL,11592,TE,4.0,Played,23.0,1717
2024,6,ShadyCommish88,BRIAN ROBINSON,8154,RB,0,Did Not Play,0,3215
2024,6,ShadyCommish88,BRANDIN COOKS,2197,WR,0,Did Not Play,0,1216
2024,6,ShadyCommish88,MALIK WASHINGTON,11610,WR,0,Did Not Play,0,1859
2024,6,emanueljd3,NOAH BROWN,4234,WR,15.600000000000001,Played,38.0,1234
2024,6,emanueljd3,QUENTIN LAKE,8330,DB,0,Did Not Play,0,
2024,6,emanueljd3,JATAVION SANDERS,11600,TE,14.8,Played,48.0,2616
2024,6,emanueljd3,JUSTIN JEFFERSON,6794,WR,0,Did Not Play,0,9649
2024,6,emanueljd3,FRANK GORE,11573,RB,0,Did Not Play,0,1059
2024,6,emanueljd3,DJ CHARK,4951,WR,0,Did Not Play,0,838
2024,6,emanueljd3,JAVON BAKER,11645,WR,0,Did Not Play,0,1672
2024,6,emanueljd3,RHAMONDRE STEVENSON,7611,RB,0,Did Not Play,0,2688
2024,6,emanueljd3,AINIAS SMITH,11615,WR,0,Did Not Play,0,821
2024,6,emanueljd3,RASHOD BATEMAN,7571,WR,18.200000000000003,Played,47.0,2754
2024,6,emanueljd3,ALEC PIERCE,8142,WR,0,Played,62.0,2353
2024,6,emanueljd3,ALEX SINGLETON,2617,LB,0,Did Not Play,0,
2024,6,emanueljd3,CHRISTIAN MCCAFFREY,4034,RB,0,Did Not Play,0,4745
2024,6,emanueljd3,CALVIN RIDLEY,4981,WR,1.8,Played,48.0,2952
2024,6,emanueljd3,PUKA NACUA,9493,WR,0,Did Not Play,0,7385
2024,6,emanueljd3,TUTU ATWELL,7562,WR,0,Did Not Play,0,1751
2024,6,emanueljd3,TYREEK HILL,3321,WR,0,Did Not Play,0,3968
2024,6,emanueljd3,BAKER MAYFIELD,4892,QB,53.3,Played,77.0,5434
2024,6,emanueljd3,YOUNGHOE KOO,4666,K,0,Did Not Play,0,
2024,6,emanueljd3,JAMES COOK,8138,RB,0,Did Not Play,0,4860
2024,6,emanueljd3,AUDRIC ESTIME,11579,RB,2.6,Played,2.0,2235
2024,6,lamjohnson56,AJ DILLON,6828,RB,0,Did Not Play,0,1187
2024,6,lamjohnson56,MAC JONES,7527,QB,0.6000000000000001,Played,3.0,1543
2024,6,lamjohnson56,LUKE SCHOONMAKER,10871,TE,0,Played,21.0,1697
2024,6,lamjohnson56,SAM HOWELL,8162,QB,0,Did Not Play,0,1682
2024,6,lamjohnson56,ADONAI MITCHELL,11625,WR,3.8,Played,15.0,2787
2024,6,lamjohnson56,SPENCER RATTLER,11562,QB,27.700000000000003,Played,70.0,1875
2024,6,lamjohnson56,AARON JONES,4199,RB,0,Did Not Play,0,3028
2024,6,lamjohnson56,DAMEON PIERCE,8129,RB,23.400000000000002,Played,18.0,1388
2024,6,lamjohnson56,JARED WILEY,11595,TE,0,Did Not Play,0,1102
2024,6,lamjohnson56,COOPER KUPP,4039,WR,0,Did Not Play,0,2941
2024,6,lamjohnson56,RASHEE RICE,10229,WR,0,Did Not Play,0,5411
2024,6,lamjohnson56,BEN SINNOTT,11596,TE,0,Played,11.0,2647
2024,6,lamjohnson56,TYLER HUNTLEY,7083,QB,0,Did Not Play,0,854
2024,6,lamjohnson56,DAVANTE ADAMS,2133,WR,0,Did Not Play,0,3635
2024,6,lamjohnson56,PATRICK MAHOMES,4046,QB,0,Did Not Play,0,7194
2024,6,lamjohnson56,ZACH ERTZ,1339,TE,17.6,Played,47.0,1836
2024,6,lamjohnson56,JAYLEN WADDLE,7526,WR,0,Did Not Play,0,4627
2024,6,lamjohnson56,HARRISON BUTKER,4227,K,0,Did Not Play,0,
2024,6,Team 9,DEUCE VAUGHN,9505,RB,0,Did Not Play,0,1062
2024,6,Team 9,BUB MEANS,11748,WR,20.0,Played,50.0,1261
2024,6,Team 9,BO MELTON,8204,WR,7.6000000000000005,Played,27.0,1085
2024,6,Team 9,JORDAN WHITTINGTON,11623,WR,0,Did Not Play,0,1938
2024,6,Team 9,RASHEEN ALI,11570,RB,0,Played,0,1088
2024,6,Team 9,LUKE MUSGRAVE,9481,TE,0,Did Not Play,0,2251
2024,6,Team 9,RUSSELL WILSON,1234,QB,0,Did Not Play,0,2425
2024,6,Team 9,ADAM THIELEN,1689,WR,0,Did Not Play,0,1750
2024,6,Team 9,MALACHI CORLEY,11617,WR,0,Did Not Play,0,1632
2024,6,Team 9,TYLER BADIE,8208,RB,0,Did Not Play,0,908
2024,6,Team 9,LUKE MCCAFFREY,11650,WR,2.0,Played,22.0,1949
2024,6,Team 9,WILL LEVIS,9999,QB,14.5,Played,58.0,1849
2024,6,Team 9,SEAN TUCKER,9506,RB,56.400000000000006,Played,29.0,1985
2024,6,Team 9,HENDON HOOKER,9998,QB,1.7000000000000002,Played,11.0,1136
2024,6,Team 9,LADD MCCONKEY,11635,WR,12.6,Played,49.0,6371
2024,6,Team 9,ELIJAH MITCHELL,7561,RB,0,Did Not Play,0,1689
2024,6,Team 9,RONDALE MOORE,7601,WR,0,Did Not Play,0,1512
2024,6,Team 9,DYLAN LAUBE,11574,RB,-4.0,Played,1.0,968
2024,6,connerstafford11,ROSCHON JOHNSON,10235,RB,9.6,Played,18.0,1890
2024,6,connerstafford11,EMANUEL WILSON,11435,RB,15.600000000000001,Played,23.0,1325
2024,6,connerstafford11,RICKY PEARSALL,11638,WR,0,Did Not Play,0,4079
2024,6,connerstafford11,JAYLEN WRIGHT,11643,RB,0,Did Not Play,0,2675
2024,6,connerstafford11,KIMANI VIDAL,11647,RB,18.2,Played,19.0,1694
2024,6,connerstafford11,TRAVIS KELCE,1466,TE,0,Did Not Play,0,2711
2024,6,connerstafford11,RAHEEM MOSTERT,2749,RB,0,Did Not Play,0,1056
2024,6,connerstafford11,KENDRICK BOURNE,4454,WR,3.8,Played,34.0,1226
2024,6,connerstafford11,NICK CHUBB,4988,RB,0,Did Not Play,0,1947
2024,6,connerstafford11,TYLER CONKLIN,5133,TE,4.0,Played,46.0,1316
2024,6,connerstafford11,HOLLYWOOD BROWN,5848,WR,0,Did Not Play,0,
2024,6,connerstafford11,JUSTICE HILL,5995,RB,1.7999999999999998,Played,26.0,1562
2024,6,connerstafford11,JONATHAN TAYLOR,6813,RB,0,Did Not Play,0,5503
2024,6,connerstafford11,CLYDE EDWARDS HELAIRE,6820,RB,0,Did Not Play,0,830
2024,6,connerstafford11,CAM AKERS,6938,RB,-0.2,Played,2.0,1299
2024,6,connerstafford11,GABRIEL DAVIS,6943,WR,26.0,Played,43.0,1820
2024,6,connerstafford11,TANK BIGSBY,9225,RB,4.800000000000001,Played,17.0,2951
2024,7,tmjones212,JJ MCCARTHY,11565,QB,0,Did Not Play,0,5493
2024,7,tmjones212,WILL SHIPLEY,11577,RB,3.0,Played,9.0,1759
2024,7,tmjones212,XAVIER WORTHY,11624,WR,7.800000000000001,Played,42.0,4790
2024,7,tmjones212,XAVIER LEGETTE,11626,WR,3.8000000000000003,Played,36.0,2941
2024,7,tmjones212,JUJU SMITH SCHUSTER,4040,WR,0,Played,7.0,1138
2024,7,tmjones212,TUA TAGOVAILOA,6768,QB,0,Did Not Play,0,4240
2024,7,tmjones212,JERRY JEUDY,6783,WR,4.6,Played,80.0,3861
2024,7,tmjones212,COLE KMET,6826,TE,0,Did Not Play,0,2411
2024,7,tmjones212,JUSTIN FIELDS,7591,QB,0,Did Not Play,0,3952
2024,7,tmjones212,KHALIL SHAKIR,8134,WR,20.0,Played,38.0,3726
2024,7,tmjones212,TREYLON BURKS,8135,WR,0,Did Not Play,0,1419
2024,7,tmjones212,CHRISTIAN WATSON,8167,WR,3.0,Played,31.0,2660
2024,7,tmjones212,ZACH CHARBONNET,9753,RB,2.8000000000000003,Played,33.0,3434
2024,7,tmjones212,JORDAN ADDISON,9756,WR,17.200000000000003,Played,51.0,4839
2024,7,tmjones212,KENDRE MILLER,9757,RB,9.399999999999999,Played,20.0,2320
2024,7,BaoDown,DRAKE MAYE,11564,QB,43.2,Played,60.0,6760
2024,7,BaoDown,THEO JOHNSON,11597,TE,0,Played,52.0,2179
2024,7,BaoDown,ROMAN WILSON,11630,WR,0,Did Not Play,0,1982
2024,7,BaoDown,DEANDRE HOPKINS,1426,WR,0.6,Played,44.0,1786
2024,7,BaoDown,KEENAN ALLEN,1479,WR,0,Did Not Play,0,2085
2024,7,BaoDown,DEREK CARR,2028,QB,0,Did Not Play,0,2177
2024,7,BaoDown,MIKE WILLIAMS,4068,WR,4.0,Played,19.0,1388
2024,7,BaoDown,MATTHEW STAFFORD,421,QB,11.0,Played,55.0,3093
2024,7,BaoDown,MASON RUDOLPH,4972,QB,22.1,Played,73.0,1300
2024,7,BaoDown,DALTON SCHULTZ,5001,TE,6.6000000000000005,Played,50.0,2110
2024,7,BaoDown,FOYESADE OLUOKUN,5332,LB,0,Did Not Play,0,
2024,7,BaoDown,JAKOBI MEYERS,5947,WR,0,Did Not Play,0,3209
2024,7,BaoDown,ISAIAH LIKELY,8131,TE,5.4,Played,35.0,3392
2024,7,BaoDown,TY CHANDLER,8230,RB,0.8,Played,11.0,1121
2024,7,BaoDown,JAQUAN BRISKER,8323,DB,0,Did Not Play,0,
2024,7,BaoDown,AARON RODGERS,96,QB,27.6,Played,57.0,1658
2024,7,EBao,TRE TUCKER,10213,WR,12.4,Played,75.0,1847
2024,7,EBao,BO NIX,11563,QB,31.400000000000002,Played,63.0,6532
2024,7,EBao,BLAKE CORUM,11586,RB,2.2,Played,6.0,2785
2024,7,EBao,JALYNN POLK,11619,WR,0,Played,34.0,2066
2024,7,EBao,JERMAINE BURTON,11640,WR,0,Played,3.0,1623
2024,7,EBao,DAK PRESCOTT,3294,QB,0,Did Not Play,0,4711
2024,7,EBao,DEVIN SINGLETARY,6130,RB,5.2,Played,12.0,1627
2024,7,EBao,DARIUS SLAYTON,6149,WR,3.2,Played,58.0,1688
2024,7,EBao,TRAVIS ETIENNE,7543,RB,0,Did Not Play,0,3168
2024,7,EBao,NICO COLLINS,7569,WR,0,Did Not Play,0,6577
2024,7,EBao,JAVONTE WILLIAMS,7588,RB,40.2,Played,41.0,2644
2024,7,EBao,RACHAAD WHITE,8136,RB,43.2,Played,39.0,2786
2024,7,EBao,TYLER GOODSON,8207,RB,16.200000000000003,Played,30.0,1028
2024,7,EBao,JAYLEN WARREN,8228,RB,13.8,Played,35.0,3098
2024,7,Halteclere,MIKE WILSON,10232,WR,8.0,Played,44.0,2196
2024,7,Halteclere,JONATHON BROOKS,11583,RB,0,Did Not Play,0,2902
2024,7,Halteclere,TREY BENSON,11589,RB,0,Played,4.0,3364
2024,7,Halteclere,JALEN MCMILLAN,11618,WR,8.2,Played,49.0,3098
2024,7,Halteclere,ROME ODUNZE,11620,WR,0,Did Not Play,0,5508
2024,7,Halteclere,BRENDEN RICE,11621,WR,0,Played,3.0,1171
2024,7,Halteclere,ISAAC GUERENDO,11651,RB,2.4,Played,5.0,2739
2024,7,Halteclere,DEVAUGHN VELE,11834,WR,5.0,Played,28.0,1633
2024,7,Halteclere,TJ WATT,4070,LB,0,Did Not Play,0,
2024,7,Halteclere,LOGAN WILSON,6880,LB,0,Did Not Play,0,
2024,7,Halteclere,ZACH WILSON,7538,QB,0,Did Not Play,0,1481
2024,7,Halteclere,ELIJAH MOORE,7596,WR,14.200000000000001,Played,54.0,1858
2024,7,Halteclere,JAHAN DOTSON,8119,WR,0,Played,38.0,1685
2024,7,Halteclere,TYJAE SPEARS,9508,RB,0,Did Not Play,0,2872
2024,7,androooooo,CALEB WILLIAMS,11560,QB,0,Did Not Play,0,6758
2024,7,androooooo,AT PERRY,10863,WR,0,Did Not Play,0,980
2024,7,androooooo,MIKE MAYER,9482,TE,0,Did Not Play,0,2264
2024,7,androooooo,CHRIS OLAVE,8144,WR,0,Did Not Play,0,4647
2024,7,androooooo,MARSHAWN LLOYD,11581,RB,0,Did Not Play,0,2379
2024,7,androooooo,ERIC KENDRICKS,2350,LB,0,Did Not Play,0,
2024,7,androooooo,TROY FRANKLIN,11627,WR,15.0,Played,33.0,2430
2024,7,androooooo,RASHID SHAHEED,8676,WR,0,Did Not Play,0,2903
2024,7,androooooo,ANTONIO GIBSON,6945,RB,3.6,Played,10.0,1639
2024,7,androooooo,ANDREI IOSIVAS,10226,WR,0,Played,39.0,2093
2024,7,androooooo,KEATON MITCHELL,9511,RB,0,Did Not Play,0,2041
2024,7,androooooo,MASON TIPTON,11895,WR,15.0,Played,58.0,931
2024,7,androooooo,RICO DOWDLE,7021,RB,0,Did Not Play,0,2297
2024,7,androooooo,JALEN TOLBERT,8117,WR,0,Did Not Play,0,1665
2024,7,androooooo,JOHN METCHIE,8147,WR,0,Played,23.0,1706
2024,7,androooooo,DANDRE SWIFT,6790,RB,0,Did Not Play,0,2855
2024,7,androooooo,TJ HOCKENSON,5844,TE,0,Did Not Play,0,4198
2024,7,androooooo,PIERRE STRONG,8116,RB,4.0,Played,42.0,907
2024,7,androooooo,JACOB COWING,11616,WR,12.0,Played,12.0,1388
2024,7,ShadyCommish88,AIDAN OCONNELL,10866,QB,5.2,Played,14.0,1373
2024,7,ShadyCommish88,MIKE PENIX,11559,QB,1.4000000000000001,Played,7.0,5398
2024,7,ShadyCommish88,JORDAN TRAVIS,11567,QB,0,Did Not Play,0,1085
2024,7,ShadyCommish88,RAY DAVIS,11575,RB,16.400000000000002,Played,13.0,2644
2024,7,ShadyCommish88,BRAELON ALLEN,11576,RB,2.2,Played,5.0,3010
2024,7,ShadyCommish88,ERICK ALL,11592,TE,0,Played,28.0,1717
2024,7,ShadyCommish88,MALIK WASHINGTON,11610,WR,3.8,Played,25.0,1859
2024,7,ShadyCommish88,JALEN COKER,11646,WR,3.0,Played,22.0,2719
2024,7,ShadyCommish88,JOE FLACCO,19,QB,0,Did Not Play,0,1357
2024,7,ShadyCommish88,BRANDIN COOKS,2197,WR,0,Did Not Play,0,1216
2024,7,ShadyCommish88,AUSTIN EKELER,4663,RB,6.0,Played,28.0,1926
2024,7,ShadyCommish88,CEEDEE LAMB,6786,WR,0,Did Not Play,0,7839
2024,7,ShadyCommish88,JEROME FORD,8143,RB,0,Did Not Play,0,2370
2024,7,ShadyCommish88,ISIAH PACHECO,8205,RB,0,Did Not Play,0,3073
2024,7,ShadyCommish88,BRYCE YOUNG,9228,QB,-0.4,Played,3.0,4896
2024,7,ShadyCommish88,TUCKER KRAFT,9484,TE,15.600000000000001,Played,55.0,3374
2024,7,ShadyCommish88,QUENTIN JOHNSTON,9754,WR,0,Did Not Play,0,2771
2024,7,emanueljd3,BRANDON AUBREY,11533,K,0,Did Not Play,0,
2024,7,emanueljd3,AUDRIC ESTIME,11579,RB,1.8000000000000007,Played,6.0,2235
2024,7,emanueljd3,JATAVION SANDERS,11600,TE,18.200000000000003,Played,32.0,2616
2024,7,emanueljd3,AINIAS SMITH,11615,WR,0,Did Not Play,0,821
2024,7,emanueljd3,JAVON BAKER,11645,WR,0,Did Not Play,0,1672
2024,7,emanueljd3,KIRK COUSINS,1166,QB,17.000000000000004,Played,66.0,2265
2024,7,emanueljd3,CHRISTIAN MCCAFFREY,4034,RB,0,Did Not Play,0,4745
2024,7,emanueljd3,NOAH BROWN,4234,WR,4.2,Played,42.0,1234
2024,7,emanueljd3,DJ CHARK,4951,WR,0,Did Not Play,0,838
2024,7,emanueljd3,CALVIN RIDLEY,4981,WR,11.4,Played,58.0,2952
2024,7,emanueljd3,DJ MOORE,4983,WR,0,Did Not Play,0,4644
2024,7,emanueljd3,EJ SPEED,6218,LB,0,Did Not Play,0,
2024,7,emanueljd3,TUTU ATWELL,7562,WR,16.200000000000003,Played,43.0,1751
2024,7,emanueljd3,RASHOD BATEMAN,7571,WR,37.2,Played,45.0,2754
2024,7,emanueljd3,RHAMONDRE STEVENSON,7611,RB,7.0,Played,30.0,2688
2024,7,emanueljd3,JAKE FERGUSON,8110,TE,0,Did Not Play,0,2840
2024,7,emanueljd3,PUKA NACUA,9493,WR,0,Did Not Play,0,7385
2024,7,lamjohnson56,RASHEE RICE,10229,WR,0,Did Not Play,0,5411
2024,7,lamjohnson56,SPENCER RATTLER,11562,QB,16.0,Played,65.0,1875
2024,7,lamjohnson56,JARED WILEY,11595,TE,0,Played,10.0,1102
2024,7,lamjohnson56,BEN SINNOTT,11596,TE,9.2,Played,31.0,2647
2024,7,lamjohnson56,ADONAI MITCHELL,11625,WR,8.0,Played,14.0,2787
2024,7,lamjohnson56,ZACH ERTZ,1339,TE,18.0,Played,40.0,1836
2024,7,lamjohnson56,COOPER KUPP,4039,WR,0,Did Not Play,0,2941
2024,7,lamjohnson56,ALEXANDER MATTISON,5987,RB,30.6,Played,55.0,1336
2024,7,lamjohnson56,AJ DILLON,6828,RB,0,Did Not Play,0,1187
2024,7,lamjohnson56,MAC JONES,7527,QB,0,Did Not Play,0,1543
2024,7,lamjohnson56,JOSH PALMER,7670,WR,16.6,Played,39.0,2176
2024,7,lamjohnson56,DAMEON PIERCE,8129,RB,0.4,Played,7.0,1388
2024,7,lamjohnson56,TYLER ALLGEIER,8132,RB,10.0,Played,17.0,2582
2024,7,lamjohnson56,ALEC PIERCE,8142,WR,5.0,Played,49.0,2353
2024,7,lamjohnson56,SAM HOWELL,8162,QB,0,Played,1.0,1682
2024,7,lamjohnson56,ANDY DALTON,829,QB,1.9000000000000008,Played,40.0,697
2024,7,Team 9,RASHEEN ALI,11570,RB,0,Did Not Play,0,1088
2024,7,Team 9,DYLAN LAUBE,11574,RB,0,Did Not Play,0,968
2024,7,Team 9,MALACHI CORLEY,11617,WR,0,Did Not Play,0,1632
2024,7,Team 9,JORDAN WHITTINGTON,11623,WR,0,Played,9.0,1938
2024,7,Team 9,LADD MCCONKEY,11635,WR,14.200000000000001,Played,57.0,6371
2024,7,Team 9,LUKE MCCAFFREY,11650,WR,0,Played,26.0,1949
2024,7,Team 9,RUSSELL WILSON,1234,QB,45.00000000000001,Played,68.0,2425
2024,7,Team 9,ADAM THIELEN,1689,WR,0,Did Not Play,0,1750
2024,7,Team 9,ELIJAH MITCHELL,7561,RB,0,Did Not Play,0,1689
2024,7,Team 9,DYAMI BROWN,7587,WR,5.6000000000000005,Played,21.0,1765
2024,7,Team 9,RONDALE MOORE,7601,WR,0,Did Not Play,0,1512
2024,7,Team 9,BO MELTON,8204,WR,2.4,Played,8.0,1085
2024,7,Team 9,TYLER BADIE,8208,RB,0,Did Not Play,0,908
2024,7,Team 9,PARKER WASHINGTON,9487,WR,6.0,Played,21.0,1892
2024,7,Team 9,DEUCE VAUGHN,9505,RB,0,Did Not Play,0,1062
2024,7,Team 9,HENDON HOOKER,9998,QB,0,Did Not Play,0,1136
2024,7,Team 9,WILL LEVIS,9999,QB,0,Did Not Play,0,1849
2024,7,connerstafford11,ROSCHON JOHNSON,10235,RB,0,Did Not Play,0,1890
2024,7,connerstafford11,RICKY PEARSALL,11638,WR,7.2,Played,48.0,4079
2024,7,connerstafford11,JAYLEN WRIGHT,11643,RB,6.6000000000000005,Played,6.0,2675
2024,7,connerstafford11,KIMANI VIDAL,11647,RB,4.8,Played,18.0,1694
2024,7,connerstafford11,RAHEEM MOSTERT,2749,RB,6.0,Played,23.0,1056
2024,7,connerstafford11,KENDRICK BOURNE,4454,WR,3.8000000000000003,Played,37.0,1226
2024,7,connerstafford11,DALLAS GOEDERT,5022,TE,0,Did Not Play,0,2625
2024,7,connerstafford11,RAY RAY MCCLOUD,5096,WR,3.8,Played,64.0,1260
2024,7,connerstafford11,TYLER CONKLIN,5133,TE,11.4,Played,49.0,1316
2024,7,connerstafford11,ALLEN LAZARD,5185,WR,15.600000000000001,Played,33.0,924
2024,7,connerstafford11,HOLLYWOOD BROWN,5848,WR,0,Did Not Play,0,
2024,7,connerstafford11,JUSTICE HILL,5995,RB,18.6,Played,27.0,1562
2024,7,connerstafford11,AZEEZ AL SHAAIR,6485,LB,0,Did Not Play,0,
2024,7,connerstafford11,JONATHAN TAYLOR,6813,RB,0,Did Not Play,0,5503
2024,7,connerstafford11,CLYDE EDWARDS HELAIRE,6820,RB,0,Did Not Play,0,830
2024,7,connerstafford11,CAM AKERS,6938,RB,0,Played,0,1299
2024,7,connerstafford11,GABRIEL DAVIS,6943,WR,3.6,Played,42.0,1820
2024,8,tmjones212,JJ MCCARTHY,11565,QB,0,Did Not Play,0,5493
2024,8,tmjones212,WILL SHIPLEY,11577,RB,-0.6000000000000001,Played,2.0,1759
2024,8,tmjones212,XAVIER WORTHY,11624,WR,17.4,Played,38.0,4790
2024,8,tmjones212,XAVIER LEGETTE,11626,WR,17.8,Played,38.0,2941
2024,8,tmjones212,DESHAUN WATSON,4017,QB,0,Did Not Play,0,927
2024,8,tmjones212,JUJU SMITH SCHUSTER,4040,WR,0,Did Not Play,0,1138
2024,8,tmjones212,TEE HIGGINS,6801,WR,0,Did Not Play,0,5575
2024,8,tmjones212,TYLER HUNTLEY,7083,QB,0,Did Not Play,0,854
2024,8,tmjones212,JUSTIN FIELDS,7591,QB,0,Did Not Play,0,3952
2024,8,tmjones212,PAT FREIERMUTH,7600,TE,5.800000000000001,Played,43.0,2807
2024,8,tmjones212,WANDALE ROBINSON,8126,WR,11.0,Played,62.0,2532
2024,8,tmjones212,TREYLON BURKS,8135,WR,0,Did Not Play,0,1419
2024,8,tmjones212,CHRISTIAN WATSON,8167,WR,11.8,Played,52.0,2660
2024,8,tmjones212,ZACH CHARBONNET,9753,RB,13.8,Played,23.0,3434
2024,8,tmjones212,JORDAN ADDISON,9756,WR,6.4,Played,46.0,4839
2024,8,tmjones212,KENDRE MILLER,9757,RB,3.2,Played,10.0,2320
2024,8,BaoDown,DORIAN WILLIAMS,10923,LB,0,Did Not Play,0,
2024,8,BaoDown,DRAKE MAYE,11564,QB,17.5,Played,20.0,6760
2024,8,BaoDown,THEO JOHNSON,11597,TE,10.0,Played,70.0,2179
2024,8,BaoDown,ROMAN WILSON,11630,WR,0,Did Not Play,0,1982
2024,8,BaoDown,DEANDRE HOPKINS,1426,WR,7.800000000000001,Played,23.0,1786
2024,8,BaoDown,KEENAN ALLEN,1479,WR,9.8,Played,61.0,2085
2024,8,BaoDown,DEREK CARR,2028,QB,0,Did Not Play,0,2177
2024,8,BaoDown,MIKE WILLIAMS,4068,WR,0,Played,36.0,1388
2024,8,BaoDown,MATTHEW STAFFORD,421,QB,47.10000000000001,Played,72.0,3093
2024,8,BaoDown,MASON RUDOLPH,4972,QB,36.400000000000006,Played,76.0,1300
2024,8,BaoDown,ZACK MOSS,6845,RB,11.8,Played,30.0,1685
2024,8,BaoDown,PAULSON ADEBO,7669,CB,0,Did Not Play,0,
2024,8,BaoDown,ISAIAH LIKELY,8131,TE,13.4,Played,47.0,3392
2024,8,BaoDown,JAQUAN BRISKER,8323,DB,0,Did Not Play,0,
2024,8,BaoDown,AARON RODGERS,96,QB,35.3,Played,62.0,1658
2024,8,EBao,TRE TUCKER,10213,WR,8.600000000000001,Played,53.0,1847
2024,8,EBao,BO NIX,11563,QB,53.2,Played,73.0,6532
2024,8,EBao,BLAKE CORUM,11586,RB,4.6,Played,8.0,2785
2024,8,EBao,JALYNN POLK,11619,WR,0,Did Not Play,0,2066
2024,8,EBao,JERMAINE BURTON,11640,WR,9.200000000000001,Played,24.0,1623
2024,8,EBao,DEVIN SINGLETARY,6130,RB,7.6000000000000005,Played,28.0,1627
2024,8,EBao,MIKE PITTMAN,6819,WR,4.2,Played,61.0,3446
2024,8,EBao,JAUAN JENNINGS,7049,WR,0,Did Not Play,0,3273
2024,8,EBao,TREVOR LAWRENCE,7523,QB,45.8,Played,57.0,5590
2024,8,EBao,TRAVIS ETIENNE,7543,RB,0,Did Not Play,0,3168
2024,8,EBao,KYLE PITTS,7553,TE,34.2,Played,30.0,3387
2024,8,EBao,NICO COLLINS,7569,WR,0,Did Not Play,0,6577
2024,8,EBao,CADE OTTON,8111,TE,37.2,Played,68.0,2824
2024,8,EBao,JAYLEN WARREN,8228,RB,13.8,Played,26.0,3098
2024,8,EBao,TROY ANDERSEN,8388,LB,0,Did Not Play,0,
2024,8,Halteclere,MIKE WILSON,10232,WR,17.2,Played,46.0,2196
2024,8,Halteclere,JONATHON BROOKS,11583,RB,0,Did Not Play,0,2902
2024,8,Halteclere,TREY BENSON,11589,RB,2.0,Played,4.0,3364
2024,8,Halteclere,BRENDEN RICE,11621,WR,0,Did Not Play,0,1171
2024,8,Halteclere,ISAAC GUERENDO,11651,RB,32.4,Played,43.0,2739
2024,8,Halteclere,TREVIN WALLACE,11724,LB,0,Did Not Play,0,
2024,8,Halteclere,DEVAUGHN VELE,11834,WR,8.600000000000001,Played,25.0,1633
2024,8,Halteclere,EVAN ENGRAM,4066,TE,17.2,Played,47.0,2895
2024,8,Halteclere,LOGAN WILSON,6880,LB,0,Did Not Play,0,
2024,8,Halteclere,ZACH WILSON,7538,QB,0,Did Not Play,0,1481
2024,8,Halteclere,ELIJAH MOORE,7596,WR,25.0,Played,49.0,1858
2024,8,Halteclere,JAHAN DOTSON,8119,WR,0,Played,26.0,1685
2024,8,Halteclere,KAYSHON BOUTTE,9504,WR,12.200000000000001,Played,55.0,2106
2024,8,Halteclere,TYJAE SPEARS,9508,RB,0,Did Not Play,0,2872
2024,8,androooooo,ZAMIR WHITE,8139,RB,-0.2,Played,2.0,1213
2024,8,androooooo,AT PERRY,10863,WR,0,Did Not Play,0,980
2024,8,androooooo,MIKE MAYER,9482,TE,0,Did Not Play,0,2264
2024,8,androooooo,TREY PALMER,9492,WR,7.800000000000001,Played,51.0,1537
2024,8,androooooo,BRANDON AIYUK,6803,WR,0,Did Not Play,0,4220
2024,8,androooooo,JOSH DOWNS,9500,WR,37.4,Played,45.0,3805
2024,8,androooooo,MARSHAWN LLOYD,11581,RB,0,Did Not Play,0,2379
2024,8,androooooo,TROY FRANKLIN,11627,WR,2.8000000000000003,Played,27.0,2430
2024,8,androooooo,RASHID SHAHEED,8676,WR,0,Did Not Play,0,2903
2024,8,androooooo,ANDREI IOSIVAS,10226,WR,0,Played,51.0,2093
2024,8,androooooo,KEATON MITCHELL,9511,RB,0,Did Not Play,0,2041
2024,8,androooooo,JAKE HAENER,10215,QB,14.200000000000001,Played,28.0,531
2024,8,androooooo,MASON TIPTON,11895,WR,4.800000000000001,Played,56.0,931
2024,8,androooooo,RICO DOWDLE,7021,RB,0,Did Not Play,0,2297
2024,8,androooooo,CHRIS GODWIN,4037,WR,0,Did Not Play,0,3938
2024,8,androooooo,JOHN METCHIE,8147,WR,8.8,Played,20.0,1706
2024,8,androooooo,TJ HOCKENSON,5844,TE,0,Did Not Play,0,4198
2024,8,androooooo,SAM DARNOLD,4943,QB,37.2,Played,50.0,4067
2024,8,androooooo,PIERRE STRONG,8116,RB,1.6,Played,14.0,907
2024,8,androooooo,JACOB COWING,11616,WR,0,Played,12.0,1388
2024,8,ShadyCommish88,RAY DAVIS,11575,RB,5.800000000000001,Played,17.0,2644
2024,8,ShadyCommish88,DALVIN COOK,4029,RB,5.4,Played,17.0,
2024,8,ShadyCommish88,QUENTIN JOHNSTON,9754,WR,0,Did Not Play,0,2771
2024,8,ShadyCommish88,JALEN COKER,11646,WR,25.6,Played,42.0,2719
2024,8,ShadyCommish88,CEDRIC TILLMAN,10444,WR,38.8,Played,62.0,2695
2024,8,ShadyCommish88,AIDAN OCONNELL,10866,QB,0,Did Not Play,0,1373
2024,8,ShadyCommish88,MIKE PENIX,11559,QB,0,Did Not Play,0,5398
2024,8,ShadyCommish88,JEROME FORD,8143,RB,0,Did Not Play,0,2370
2024,8,ShadyCommish88,AUSTIN EKELER,4663,RB,13.600000000000001,Played,42.0,1926
2024,8,ShadyCommish88,BRAELON ALLEN,11576,RB,12.4,Played,19.0,3010
2024,8,ShadyCommish88,TUCKER KRAFT,9484,TE,24.6,Played,59.0,3374
2024,8,ShadyCommish88,BRYCE YOUNG,9228,QB,27.6,Played,61.0,4896
2024,8,ShadyCommish88,DEMARIO DOUGLAS,9501,WR,4.4,Played,38.0,2398
2024,8,ShadyCommish88,JORDAN TRAVIS,11567,QB,0,Did Not Play,0,1085
2024,8,ShadyCommish88,ISIAH PACHECO,8205,RB,0,Did Not Play,0,3073
2024,8,ShadyCommish88,ERICK ALL,11592,TE,8.4,Played,24.0,1717
2024,8,ShadyCommish88,BRANDIN COOKS,2197,WR,0,Did Not Play,0,1216
2024,8,ShadyCommish88,MALIK WASHINGTON,11610,WR,0,Played,16.0,1859
2024,8,ShadyCommish88,JOE FLACCO,19,QB,0,Played,1.0,1357
2024,8,emanueljd3,NOAH BROWN,4234,WR,23.6,Played,60.0,1234
2024,8,emanueljd3,MARCUS MARIOTA,2307,QB,0,Did Not Play,0,801
2024,8,emanueljd3,STERLING SHEPARD,3200,WR,6.6,Played,45.0,710
2024,8,emanueljd3,JATAVION SANDERS,11600,TE,2.4000000000000004,Played,22.0,2616
2024,8,emanueljd3,DJ CHARK,4951,WR,0,Did Not Play,0,838
2024,8,emanueljd3,JAVON BAKER,11645,WR,0,Played,0,1672
2024,8,emanueljd3,RHAMONDRE STEVENSON,7611,RB,30.0,Played,54.0,2688
2024,8,emanueljd3,RASHOD BATEMAN,7571,WR,6.6000000000000005,Played,57.0,2754
2024,8,emanueljd3,JAMESON WILLIAMS,8148,WR,0,Did Not Play,0,4551
2024,8,emanueljd3,CHRISTIAN MCCAFFREY,4034,RB,0,Did Not Play,0,4745
2024,8,emanueljd3,CALVIN RIDLEY,4981,WR,38.2,Played,60.0,2952
2024,8,emanueljd3,TUTU ATWELL,7562,WR,4.6,Played,9.0,1751
2024,8,emanueljd3,MIKE EVANS,2216,WR,0,Did Not Play,0,3957
2024,8,emanueljd3,BAKER MAYFIELD,4892,QB,48.2,Played,73.0,5434
2024,8,emanueljd3,JALEN NAILOR,8180,WR,5.2,Played,21.0,1575
2024,8,emanueljd3,JAKE FERGUSON,8110,TE,10.600000000000001,Played,52.0,2840
2024,8,emanueljd3,TYLER BOYD,3225,WR,5.800000000000001,Played,46.0,853
2024,8,emanueljd3,BRIAN BRANCH,10905,DB,0,Did Not Play,0,
2024,8,emanueljd3,AUDRIC ESTIME,11579,RB,0.8,Played,5.0,2235
2024,8,lamjohnson56,AJ DILLON,6828,RB,0,Did Not Play,0,1187
2024,8,lamjohnson56,MAC JONES,7527,QB,0,Did Not Play,0,1543
2024,8,lamjohnson56,SAM HOWELL,8162,QB,0,Did Not Play,0,1682
2024,8,lamjohnson56,ADONAI MITCHELL,11625,WR,2.8,Played,13.0,2787
2024,8,lamjohnson56,SPENCER RATTLER,11562,QB,15.600000000000001,Played,45.0,1875
2024,8,lamjohnson56,JOSH PALMER,7670,WR,16.4,Played,51.0,2176
2024,8,lamjohnson56,JARED WILEY,11595,TE,0,Played,17.0,1102
2024,8,lamjohnson56,DJ TURNER,7989,WR,16.400000000000002,Played,31.0,
2024,8,lamjohnson56,RASHEE RICE,10229,WR,0,Did Not Play,0,5411
2024,8,lamjohnson56,ALEC PIERCE,8142,WR,3.2,Played,50.0,2353
2024,8,lamjohnson56,DIONTAE JOHNSON,5937,WR,0,Did Not Play,0,1355
2024,8,lamjohnson56,BEN SINNOTT,11596,TE,0,Played,16.0,2647
2024,8,lamjohnson56,BAILEY ZAPPE,8157,QB,0,Did Not Play,0,684
2024,8,lamjohnson56,TYLER ALLGEIER,8132,RB,6.6000000000000005,Played,22.0,2582
2024,8,lamjohnson56,ALEXANDER MATTISON,5987,RB,13.8,Played,38.0,1336
2024,8,lamjohnson56,ZACH ERTZ,1339,TE,22.4,Played,56.0,1836
2024,8,lamjohnson56,SIMI FEHOKO,7812,WR,0,Played,52.0,
2024,8,lamjohnson56,ANDY DALTON,829,QB,0,Did Not Play,0,697
2024,8,Team 9,RASHEEN ALI,11570,RB,0,Did Not Play,0,1088
2024,8,Team 9,DYLAN LAUBE,11574,RB,0,Did Not Play,0,968
2024,8,Team 9,MALACHI CORLEY,11617,WR,0,Played,6.0,1632
2024,8,Team 9,JORDAN WHITTINGTON,11623,WR,0,Did Not Play,0,1938
2024,8,Team 9,LADD MCCONKEY,11635,WR,43.2,Played,41.0,6371
2024,8,Team 9,LUKE MCCAFFREY,11650,WR,2.6,Played,25.0,1949
2024,8,Team 9,ADAM THIELEN,1689,WR,0,Did Not Play,0,1750
2024,8,Team 9,DANIEL JONES,5870,QB,18.6,Played,72.0,2368
2024,8,Team 9,ELIJAH MITCHELL,7561,RB,0,Did Not Play,0,1689
2024,8,Team 9,DYAMI BROWN,7587,WR,2.2,Played,24.0,1765
2024,8,Team 9,RONDALE MOORE,7601,WR,0,Did Not Play,0,1512
2024,8,Team 9,BO MELTON,8204,WR,0,Played,12.0,1085
2024,8,Team 9,TYLER BADIE,8208,RB,0,Did Not Play,0,908
2024,8,Team 9,PARKER WASHINGTON,9487,WR,12.200000000000001,Played,42.0,1892
2024,8,Team 9,DEUCE VAUGHN,9505,RB,0,Did Not Play,0,1062
2024,8,Team 9,HENDON HOOKER,9998,QB,0.6000000000000001,Played,6.0,1136
2024,8,Team 9,WILL LEVIS,9999,QB,0,Did Not Play,0,1849
2024,8,connerstafford11,ROSCHON JOHNSON,10235,RB,7.2,Played,17.0,1890
2024,8,connerstafford11,RICKY PEARSALL,11638,WR,19.400000000000002,Played,40.0,4079
2024,8,connerstafford11,JAYLEN WRIGHT,11643,RB,3.6,Played,3.0,2675
2024,8,connerstafford11,KIMANI VIDAL,11647,RB,3.2,Played,11.0,1694
2024,8,connerstafford11,TIM PATRICK,4351,WR,0,Played,37.0,950
2024,8,connerstafford11,DALLAS GOEDERT,5022,TE,0,Did Not Play,0,2625
2024,8,connerstafford11,RAY RAY MCCLOUD,5096,WR,8.200000000000001,Played,55.0,1260
2024,8,connerstafford11,TYLER CONKLIN,5133,TE,17.4,Played,50.0,1316
2024,8,connerstafford11,ALLEN LAZARD,5185,WR,0,Did Not Play,0,924
2024,8,connerstafford11,DK METCALF,5846,WR,0,Did Not Play,0,4703
2024,8,connerstafford11,HOLLYWOOD BROWN,5848,WR,0,Did Not Play,0,
2024,8,connerstafford11,JUSTICE HILL,5995,RB,4.800000000000001,Played,34.0,1562
2024,8,connerstafford11,GARDNER MINSHEW,6011,QB,30.1,Played,58.0,1163
2024,8,connerstafford11,AZEEZ AL SHAAIR,6485,LB,0,Did Not Play,0,
2024,8,connerstafford11,CLYDE EDWARDS HELAIRE,6820,RB,0,Did Not Play,0,830
2024,8,connerstafford11,CAM AKERS,6938,RB,0,Played,0,1299
2024,8,connerstafford11,GABRIEL DAVIS,6943,WR,0,Played,9.0,1820
2024,9,tmjones212,JJ MCCARTHY,11565,QB,0,Did Not Play,0,5493
2024,9,tmjones212,WILL SHIPLEY,11577,RB,0,Played,1.0,1759
2024,9,tmjones212,XAVIER WORTHY,11624,WR,-2.0,Played,58.0,4790
2024,9,tmjones212,XAVIER LEGETTE,11626,WR,18.8,Played,44.0,2941
2024,9,tmjones212,DESHAUN WATSON,4017,QB,0,Did Not Play,0,927
2024,9,tmjones212,JUJU SMITH SCHUSTER,4040,WR,0,Did Not Play,0,1138
2024,9,tmjones212,TEE HIGGINS,6801,WR,0,Did Not Play,0,5575
2024,9,tmjones212,TYLER HUNTLEY,7083,QB,0,Did Not Play,0,854
2024,9,tmjones212,JUSTIN FIELDS,7591,QB,0,Did Not Play,0,3952
2024,9,tmjones212,PAT FREIERMUTH,7600,TE,0,Did Not Play,0,2807
2024,9,tmjones212,WANDALE ROBINSON,8126,WR,5.0,Played,47.0,2532
2024,9,tmjones212,TREYLON BURKS,8135,WR,0,Did Not Play,0,1419
2024,9,tmjones212,CHRISTIAN WATSON,8167,WR,12.4,Played,37.0,2660
2024,9,tmjones212,ZACH CHARBONNET,9753,RB,8.6,Played,20.0,3434
2024,9,tmjones212,JORDAN ADDISON,9756,WR,21.200000000000003,Played,67.0,4839
2024,9,tmjones212,KENDRE MILLER,9757,RB,0,Did Not Play,0,2320
2024,9,BaoDown,DRAKE MAYE,11564,QB,33.6,Played,69.0,6760
2024,9,BaoDown,DALTON SCHULTZ,5001,TE,7.2,Played,56.0,2110
2024,9,BaoDown,RAKIM JARRETT,9495,WR,2.8,Played,46.0,789
2024,9,BaoDown,PAULSON ADEBO,7669,CB,0,Did Not Play,0,
2024,9,BaoDown,ZACK MOSS,6845,RB,0,Did Not Play,0,1685
2024,9,BaoDown,STEFON DIGGS,2449,WR,0,Did Not Play,0,2808
2024,9,BaoDown,JAQUAN BRISKER,8323,DB,0,Did Not Play,0,
2024,9,BaoDown,KEENAN ALLEN,1479,WR,11.2,Played,69.0,2085
2024,9,BaoDown,DEREK CARR,2028,QB,29.6,Played,78.0,2177
2024,9,BaoDown,MIKE WILLIAMS,4068,WR,2.2,Played,41.0,1388
2024,9,BaoDown,DORIAN WILLIAMS,10923,LB,0,Did Not Play,0,
2024,9,BaoDown,THEO JOHNSON,11597,TE,19.200000000000003,Played,55.0,2179
2024,9,BaoDown,ROMAN WILSON,11630,WR,0,Did Not Play,0,1982
2024,9,BaoDown,AARON RODGERS,96,QB,38.9,Played,58.0,1658
2024,9,BaoDown,ISAIAH LIKELY,8131,TE,0,Played,17.0,3392
2024,9,BaoDown,BRIAN ROBINSON,8154,RB,0,Did Not Play,0,3215
2024,9,BaoDown,DEVIN SINGLETARY,6130,RB,6.6000000000000005,Played,18.0,1627
2024,9,BaoDown,KHALIL HERBERT,7608,RB,0,Did Not Play,0,1384
2024,9,BaoDown,MATTHEW STAFFORD,421,QB,37.8,Played,77.0,3093
2024,9,EBao,TRE TUCKER,10213,WR,3.0,Played,56.0,1847
2024,9,EBao,BO NIX,11563,QB,32.9,Played,72.0,6532
2024,9,EBao,BLAKE CORUM,11586,RB,-0.2,Played,1.0,2785
2024,9,EBao,JALYNN POLK,11619,WR,0,Played,9.0,2066
2024,9,EBao,JERMAINE BURTON,11640,WR,0,Did Not Play,0,1623
2024,9,EBao,AMARI COOPER,2309,WR,0,Did Not Play,0,2285
2024,9,EBao,JAUAN JENNINGS,7049,WR,0,Did Not Play,0,3273
2024,9,EBao,TREVOR LAWRENCE,7523,QB,26.500000000000004,Played,54.0,5590
2024,9,EBao,TRAVIS ETIENNE,7543,RB,8.0,Played,17.0,3168
2024,9,EBao,KYLE PITTS,7553,TE,3.2,Played,31.0,3387
2024,9,EBao,NICO COLLINS,7569,WR,0,Did Not Play,0,6577
2024,9,EBao,JAVONTE WILLIAMS,7588,RB,18.8,Played,39.0,2644
2024,9,EBao,CADE OTTON,8111,TE,29.4,Played,54.0,2824
2024,9,EBao,RACHAAD WHITE,8136,RB,16.0,Played,34.0,2786
2024,9,EBao,JAYLEN WARREN,8228,RB,0,Did Not Play,0,3098
2024,9,Halteclere,MIKE WILSON,10232,WR,0,Played,41.0,2196
2024,9,Halteclere,JONATHON BROOKS,11583,RB,0,Did Not Play,0,2902
2024,9,Halteclere,TREY BENSON,11589,RB,19.0,Played,16.0,3364
2024,9,Halteclere,JALEN MCMILLAN,11618,WR,0,Did Not Play,0,3098
2024,9,Halteclere,BRENDEN RICE,11621,WR,0,Did Not Play,0,1171
2024,9,Halteclere,ISAAC GUERENDO,11651,RB,0,Did Not Play,0,2739
2024,9,Halteclere,TREVIN WALLACE,11724,LB,0,Did Not Play,0,
2024,9,Halteclere,DEVAUGHN VELE,11834,WR,4.2,Played,29.0,1633
2024,9,Halteclere,TJ WATT,4070,LB,0,Did Not Play,0,
2024,9,Halteclere,NAJEE HARRIS,7528,RB,0,Did Not Play,0,2854
2024,9,Halteclere,ZACH WILSON,7538,QB,0,Did Not Play,0,1481
2024,9,Halteclere,MALIK WILLIS,8161,QB,0,Did Not Play,0,1641
2024,9,Halteclere,KAYSHON BOUTTE,9504,WR,5.6,Played,66.0,2106
2024,9,Halteclere,TYJAE SPEARS,9508,RB,0,Did Not Play,0,2872
2024,9,androooooo,DALVIN COOK,4029,RB,1.6,Played,7.0,
2024,9,androooooo,MIKE MAYER,9482,TE,0,Did Not Play,0,2264
2024,9,androooooo,TREY PALMER,9492,WR,8.600000000000001,Played,27.0,1537
2024,9,androooooo,BRANDON AIYUK,6803,WR,0,Did Not Play,0,4220
2024,9,androooooo,MARSHAWN LLOYD,11581,RB,0,Did Not Play,0,2379
2024,9,androooooo,BROCK PURDY,8183,QB,0,Did Not Play,0,5520
2024,9,androooooo,CHRIS BOSWELL,1945,K,0,Did Not Play,0,
2024,9,androooooo,TROY FRANKLIN,11627,WR,4.800000000000001,Played,29.0,2430
2024,9,androooooo,RASHID SHAHEED,8676,WR,0,Did Not Play,0,2903
2024,9,androooooo,ANDREI IOSIVAS,10226,WR,9.0,Played,67.0,2093
2024,9,androooooo,JULIUS CHESTNUT,8254,RB,4.4,Played,13.0,595
2024,9,androooooo,KEATON MITCHELL,9511,RB,0,Did Not Play,0,2041
2024,9,androooooo,JAKE HAENER,10215,QB,0,Did Not Play,0,531
2024,9,androooooo,MASON TIPTON,11895,WR,0,Played,60.0,931
2024,9,androooooo,JALEN TOLBERT,8117,WR,12.8,Played,73.0,1665
2024,9,androooooo,CHRIS GODWIN,4037,WR,0,Did Not Play,0,3938
2024,9,androooooo,JOHN METCHIE,8147,WR,0,Played,50.0,1706
2024,9,androooooo,JACOB COWING,11616,WR,0,Did Not Play,0,1388
2024,9,ShadyCommish88,AIDAN OCONNELL,10866,QB,0,Did Not Play,0,1373
2024,9,ShadyCommish88,MIKE PENIX,11559,QB,0,Did Not Play,0,5398
2024,9,ShadyCommish88,JORDAN TRAVIS,11567,QB,0,Did Not Play,0,1085
2024,9,ShadyCommish88,RAY DAVIS,11575,RB,26.0,Played,9.0,2644
2024,9,ShadyCommish88,BRAELON ALLEN,11576,RB,1.8,Played,17.0,3010
2024,9,ShadyCommish88,ERICK ALL,11592,TE,6.800000000000001,Played,15.0,1717
2024,9,ShadyCommish88,MALIK WASHINGTON,11610,WR,1.8,Played,21.0,1859
2024,9,ShadyCommish88,BRANDIN COOKS,2197,WR,0,Did Not Play,0,1216
2024,9,ShadyCommish88,MILES SANDERS,6151,RB,0.0,Played,12.0,1186
2024,9,ShadyCommish88,GEORGE PICKENS,8137,WR,0,Did Not Play,0,4391
2024,9,ShadyCommish88,ISIAH PACHECO,8205,RB,0,Did Not Play,0,3073
2024,9,ShadyCommish88,JORDAN MASON,8408,RB,0,Did Not Play,0,2855
2024,9,ShadyCommish88,BRYCE YOUNG,9228,QB,20.900000000000002,Played,53.0,4896
2024,9,ShadyCommish88,ANTHONY RICHARDSON,9229,QB,0,Did Not Play,0,3642
2024,9,ShadyCommish88,TUCKER KRAFT,9484,TE,11.200000000000001,Played,65.0,3374
2024,9,ShadyCommish88,DONTAYVION WICKS,9486,WR,0,Played,35.0,2547
2024,9,ShadyCommish88,DEMARIO DOUGLAS,9501,WR,14.0,Played,49.0,2398
2024,9,emanueljd3,XAVIER HUTCHINSON,10218,WR,0,Played,59.0,1396
2024,9,emanueljd3,AUDRIC ESTIME,11579,RB,7.0,Played,7.0,2235
2024,9,emanueljd3,JATAVION SANDERS,11600,TE,21.400000000000002,Played,45.0,2616
2024,9,emanueljd3,JAVON BAKER,11645,WR,0,Played,4.0,1672
2024,9,emanueljd3,MIKE EVANS,2216,WR,0,Did Not Play,0,3957
2024,9,emanueljd3,STERLING SHEPARD,3200,WR,17.8,Played,33.0,710
2024,9,emanueljd3,TYLER BOYD,3225,WR,0.6000000000000001,Played,22.0,853
2024,9,emanueljd3,CHRISTIAN MCCAFFREY,4034,RB,0,Did Not Play,0,4745
2024,9,emanueljd3,JAMES CONNER,4137,RB,29.800000000000004,Played,28.0,3186
2024,9,emanueljd3,NOAH BROWN,4234,WR,17.0,Played,31.0,1234
2024,9,emanueljd3,BAKER MAYFIELD,4892,QB,36.0,Played,55.0,5434
2024,9,emanueljd3,DAVID MONTGOMERY,5892,RB,22.200000000000003,Played,32.0,3860
2024,9,emanueljd3,RASHOD BATEMAN,7571,WR,8.0,Played,35.0,2754
2024,9,emanueljd3,RHAMONDRE STEVENSON,7611,RB,27.8,Played,51.0,2688
2024,9,emanueljd3,JAMESON WILLIAMS,8148,WR,0,Did Not Play,0,4551
2024,9,emanueljd3,QUENTIN LAKE,8330,DB,0,Did Not Play,0,
2024,9,lamjohnson56,RASHEE RICE,10229,WR,0,Did Not Play,0,5411
2024,9,lamjohnson56,SPENCER RATTLER,11562,QB,0,Did Not Play,0,1875
2024,9,lamjohnson56,JARED WILEY,11595,TE,0,Did Not Play,0,1102
2024,9,lamjohnson56,BEN SINNOTT,11596,TE,3.4000000000000004,Played,24.0,2647
2024,9,lamjohnson56,ADONAI MITCHELL,11625,WR,5.4,Played,5.0,2787
2024,9,lamjohnson56,GEORGE KITTLE,4217,TE,0,Did Not Play,0,4037
2024,9,lamjohnson56,DIONTAE JOHNSON,5937,WR,0,Played,17.0,1355
2024,9,lamjohnson56,AJ DILLON,6828,RB,0,Did Not Play,0,1187
2024,9,lamjohnson56,JAYLEN WADDLE,7526,WR,7.2,Played,52.0,4627
2024,9,lamjohnson56,MAC JONES,7527,QB,0,Did Not Play,0,1543
2024,9,lamjohnson56,JOSH PALMER,7670,WR,20.6,Played,35.0,2176
2024,9,lamjohnson56,DJ TURNER,7989,WR,1.0,Played,21.0,
2024,9,lamjohnson56,TYLER ALLGEIER,8132,RB,9.6,Played,14.0,2582
2024,9,lamjohnson56,ALEC PIERCE,8142,WR,11.200000000000001,Played,48.0,2353
2024,9,lamjohnson56,BAILEY ZAPPE,8157,QB,0,Did Not Play,0,684
2024,9,lamjohnson56,SAM HOWELL,8162,QB,0,Did Not Play,0,1682
2024,9,lamjohnson56,ANDY DALTON,829,QB,0,Did Not Play,0,697
2024,9,Team 9,DEUCE VAUGHN,9505,RB,0,Played,0,1062
2024,9,Team 9,EMANUEL WILSON,11435,RB,12.8,Played,13.0,1325
2024,9,Team 9,BUB MEANS,11748,WR,0,Did Not Play,0,1261
2024,9,Team 9,BO MELTON,8204,WR,4.800000000000001,Played,11.0,1085
2024,9,Team 9,TJ EDWARDS,5960,LB,0,Did Not Play,0,
2024,9,Team 9,RASHEEN ALI,11570,RB,0,Did Not Play,0,1088
2024,9,Team 9,RUSSELL WILSON,1234,QB,0,Did Not Play,0,2425
2024,9,Team 9,ADAM THIELEN,1689,WR,0,Did Not Play,0,1750
2024,9,Team 9,MALACHI CORLEY,11617,WR,-0.3999999999999999,Played,6.0,1632
2024,9,Team 9,TYLER BADIE,8208,RB,0,Did Not Play,0,908
2024,9,Team 9,LUKE MCCAFFREY,11650,WR,0,Played,23.0,1949
2024,9,Team 9,WILL LEVIS,9999,QB,0,Did Not Play,0,1849
2024,9,Team 9,CALVIN AUSTIN,8125,WR,0,Did Not Play,0,1455
2024,9,Team 9,HENDON HOOKER,9998,QB,0,Did Not Play,0,1136
2024,9,Team 9,LADD MCCONKEY,11635,WR,17.8,Played,48.0,6371
2024,9,Team 9,ELIJAH MITCHELL,7561,RB,0,Did Not Play,0,1689
2024,9,Team 9,RONDALE MOORE,7601,WR,0,Did Not Play,0,1512
2024,9,Team 9,DYLAN LAUBE,11574,RB,0,Did Not Play,0,968
2024,9,connerstafford11,DK METCALF,5846,WR,0,Did Not Play,0,4703
2024,9,connerstafford11,JAYLEN WRIGHT,11643,RB,3.6,Played,9.0,2675
2024,9,connerstafford11,MASON RUDOLPH,4972,QB,35.8,Played,77.0,1300
2024,9,connerstafford11,ROSCHON JOHNSON,10235,RB,6.2,Played,28.0,1890
2024,9,connerstafford11,GARDNER MINSHEW,6011,QB,8.4,Played,35.0,1163
2024,9,connerstafford11,CHRISTIAN KIRK,4950,WR,0,Did Not Play,0,2796
2024,9,connerstafford11,GABRIEL DAVIS,6943,WR,0,Did Not Play,0,1820
2024,9,connerstafford11,FRED WARNER,5041,LB,0,Did Not Play,0,
2024,9,connerstafford11,TAYSOM HILL,4381,TE,22.0,Played,35.0,1364
2024,9,connerstafford11,HOLLYWOOD BROWN,5848,WR,0,Did Not Play,0,
2024,9,connerstafford11,TYLER CONKLIN,5133,TE,0.3999999999999999,Played,45.0,1316
2024,9,connerstafford11,DALLAS GOEDERT,5022,TE,0,Did Not Play,0,2625
2024,9,connerstafford11,TIM PATRICK,4351,WR,4.4,Played,44.0,950
2024,9,connerstafford11,RICKY PEARSALL,11638,WR,0,Did Not Play,0,4079
2024,9,connerstafford11,DEEBO SAMUEL,5872,WR,0,Did Not Play,0,3124
2024,9,connerstafford11,ALLEN LAZARD,5185,WR,0,Did Not Play,0,924
2024,9,connerstafford11,AZEEZ AL SHAAIR,6485,LB,0,Did Not Play,0,
2024,9,connerstafford11,KIMANI VIDAL,11647,RB,1.4000000000000001,Played,11.0,1694
2024,9,connerstafford11,JUSTICE HILL,5995,RB,14.6,Played,19.0,1562
2024,10,tmjones212,JJ MCCARTHY,11565,QB,0,Did Not Play,0,5493
2024,10,tmjones212,WILL SHIPLEY,11577,RB,6.800000000000001,Played,11.0,1759
2024,10,tmjones212,XAVIER WORTHY,11624,WR,3.2,Played,51.0,4790
2024,10,tmjones212,JAMEIS WINSTON,2306,QB,0,Did Not Play,0,1940
2024,10,tmjones212,KEVIN BYARD,3233,DB,0,Did Not Play,0,
2024,10,tmjones212,DESHAUN WATSON,4017,QB,0,Did Not Play,0,927
2024,10,tmjones212,JERRY JEUDY,6783,WR,0,Did Not Play,0,3861
2024,10,tmjones212,XAVIER MCKINNEY,6788,DB,0,Did Not Play,0,
2024,10,tmjones212,TEE HIGGINS,6801,WR,0,Did Not Play,0,5575
2024,10,tmjones212,JUSTIN FIELDS,7591,QB,0,Did Not Play,0,3952
2024,10,tmjones212,PAT FREIERMUTH,7600,TE,12.4,Played,45.0,2807
2024,10,tmjones212,WANDALE ROBINSON,8126,WR,15.200000000000001,Played,49.0,2532
2024,10,tmjones212,TREYLON BURKS,8135,WR,0,Did Not Play,0,1419
2024,10,tmjones212,CHRISTIAN WATSON,8167,WR,0,Did Not Play,0,2660
2024,10,tmjones212,ZACH CHARBONNET,9753,RB,0,Did Not Play,0,3434
2024,10,tmjones212,KENDRE MILLER,9757,RB,0,Did Not Play,0,2320
2024,10,BaoDown,DRAKE MAYE,11564,QB,25.200000000000003,Played,64.0,6760
2024,10,BaoDown,DALTON SCHULTZ,5001,TE,16.200000000000003,Played,48.0,2110
2024,10,BaoDown,PAULSON ADEBO,7669,CB,0,Did Not Play,0,
2024,10,BaoDown,ZACK MOSS,6845,RB,0,Did Not Play,0,1685
2024,10,BaoDown,STEFON DIGGS,2449,WR,0,Did Not Play,0,2808
2024,10,BaoDown,JAQUAN BRISKER,8323,DB,0,Did Not Play,0,
2024,10,BaoDown,DEREK CARR,2028,QB,42.300000000000004,Played,51.0,2177
2024,10,BaoDown,TYLER LOCKETT,2374,WR,0,Did Not Play,0,1147
2024,10,BaoDown,DORIAN WILLIAMS,10923,LB,0,Did Not Play,0,
2024,10,BaoDown,THEO JOHNSON,11597,TE,11.4,Played,69.0,2179
2024,10,BaoDown,ROMAN WILSON,11630,WR,0,Did Not Play,0,1982
2024,10,BaoDown,JAKOBI MEYERS,5947,WR,0,Did Not Play,0,3209
2024,10,BaoDown,AARON RODGERS,96,QB,11.100000000000001,Played,58.0,1658
2024,10,BaoDown,ISAIAH LIKELY,8131,TE,0,Did Not Play,0,3392
2024,10,BaoDown,BRIAN ROBINSON,8154,RB,0,Did Not Play,0,3215
2024,10,BaoDown,DEVIN SINGLETARY,6130,RB,10.0,Played,17.0,1627
2024,10,BaoDown,KHALIL HERBERT,7608,RB,0,Played,2.0,1384
2024,10,BaoDown,MATTHEW STAFFORD,421,QB,25.3,Played,70.0,3093
2024,10,EBao,JAVONTE WILLIAMS,7588,RB,3.4000000000000004,Played,17.0,2644
2024,10,EBao,JERMAINE BURTON,11640,WR,3.2,Played,39.0,1623
2024,10,EBao,MIKE PITTMAN,6819,WR,0,Did Not Play,0,3446
2024,10,EBao,JALYNN POLK,11619,WR,7.4,Played,26.0,2066
2024,10,EBao,JAYLEN WARREN,8228,RB,17.0,Played,35.0,3098
2024,10,EBao,XAVIER HUTCHINSON,10218,WR,3.2,Played,57.0,1396
2024,10,EBao,KEN WALKER,8151,RB,0,Did Not Play,0,4790
2024,10,EBao,AUSTIN SEIBERT,6219,K,0,Did Not Play,0,
2024,10,EBao,TREVOR LAWRENCE,7523,QB,0,Did Not Play,0,5590
2024,10,EBao,AMARI COOPER,2309,WR,0,Did Not Play,0,2285
2024,10,EBao,TUTU ATWELL,7562,WR,2.2,Played,13.0,1751
2024,10,EBao,BLAKE CORUM,11586,RB,4.0,Played,5.0,2785
2024,10,EBao,NICO COLLINS,7569,WR,0,Did Not Play,0,6577
2024,10,EBao,DONTAYVION WICKS,9486,WR,0,Did Not Play,0,2547
2024,10,EBao,JAXON SMITH NJIGBA,9488,WR,0,Did Not Play,0,6486
2024,10,EBao,JAYDEN REED,10222,WR,0,Did Not Play,0,3717
2024,10,EBao,DAK PRESCOTT,3294,QB,0,Did Not Play,0,4711
2024,10,EBao,KYLE PITTS,7553,TE,15.0,Played,40.0,3387
2024,10,Halteclere,MIKE WILSON,10232,WR,7.800000000000001,Played,39.0,2196
2024,10,Halteclere,JONATHON BROOKS,11583,RB,0,Did Not Play,0,2902
2024,10,Halteclere,TREY BENSON,11589,RB,19.4,Played,16.0,3364
2024,10,Halteclere,JALEN MCMILLAN,11618,WR,0,Did Not Play,0,3098
2024,10,Halteclere,BRENDEN RICE,11621,WR,0,Did Not Play,0,1171
2024,10,Halteclere,ISAAC GUERENDO,11651,RB,0.0,Played,3.0,2739
2024,10,Halteclere,TREVIN WALLACE,11724,LB,0,Did Not Play,0,
2024,10,Halteclere,DEVAUGHN VELE,11834,WR,17.8,Played,38.0,1633
2024,10,Halteclere,TJ WATT,4070,LB,0,Did Not Play,0,
2024,10,Halteclere,ZACH WILSON,7538,QB,0,Did Not Play,0,1481
2024,10,Halteclere,ELIJAH MOORE,7596,WR,0,Did Not Play,0,1858
2024,10,Halteclere,JAHAN DOTSON,8119,WR,6.4,Played,30.0,1685
2024,10,Halteclere,MALIK WILLIS,8161,QB,0,Did Not Play,0,1641
2024,10,Halteclere,KAYSHON BOUTTE,9504,WR,13.4,Played,62.0,2106
2024,10,Halteclere,TYJAE SPEARS,9508,RB,13.200000000000001,Played,25.0,2872
2024,10,androooooo,ZAMIR WHITE,8139,RB,0,Did Not Play,0,1213
2024,10,androooooo,DARIUS SLAYTON,6149,WR,0,Did Not Play,0,1688
2024,10,androooooo,CALEB WILLIAMS,11560,QB,15.0,Played,60.0,6758
2024,10,androooooo,MIKE MAYER,9482,TE,0,Did Not Play,0,2264
2024,10,androooooo,BRANDON AIYUK,6803,WR,0,Did Not Play,0,4220
2024,10,androooooo,CHRIS OLAVE,8144,WR,0,Did Not Play,0,4647
2024,10,androooooo,CAM AKERS,6938,RB,10.400000000000002,Played,26.0,1299
2024,10,androooooo,KEON COLEMAN,11637,WR,0,Did Not Play,0,3696
2024,10,androooooo,MARSHAWN LLOYD,11581,RB,0,Did Not Play,0,2379
2024,10,androooooo,TROY FRANKLIN,11627,WR,2.8,Played,20.0,2430
2024,10,androooooo,RASHID SHAHEED,8676,WR,0,Did Not Play,0,2903
2024,10,androooooo,ANDREI IOSIVAS,10226,WR,7.800000000000001,Played,69.0,2093
2024,10,androooooo,JULIUS CHESTNUT,8254,RB,0,Played,0,595
2024,10,androooooo,KEATON MITCHELL,9511,RB,0,Played,2.0,2041
2024,10,androooooo,JAKE HAENER,10215,QB,0,Did Not Play,0,531
2024,10,androooooo,CHRIS GODWIN,4037,WR,0,Did Not Play,0,3938
2024,10,androooooo,JOHN METCHIE,8147,WR,25.8,Played,44.0,1706
2024,10,androooooo,JACOB COWING,11616,WR,-4.0,Played,3.0,1388
2024,10,ShadyCommish88,RAY DAVIS,11575,RB,1.2000000000000002,Played,11.0,2644
2024,10,ShadyCommish88,BROCK BOWERS,11604,TE,0,Did Not Play,0,8206
2024,10,ShadyCommish88,RYAN FLOURNOY,11783,WR,0,Played,16.0,684
2024,10,ShadyCommish88,DAMEON PIERCE,8129,RB,0,Did Not Play,0,1388
2024,10,ShadyCommish88,ODELL BECKHAM,2078,WR,5.4,Played,17.0,
2024,10,ShadyCommish88,CEDRIC TILLMAN,10444,WR,0,Did Not Play,0,2695
2024,10,ShadyCommish88,TREY LANCE,7610,QB,2.5000000000000004,Played,15.0,970
2024,10,ShadyCommish88,AIDAN OCONNELL,10866,QB,0,Did Not Play,0,1373
2024,10,ShadyCommish88,ANTHONY RICHARDSON,9229,QB,0,Did Not Play,0,3642
2024,10,ShadyCommish88,MIKE PENIX,11559,QB,0,Did Not Play,0,5398
2024,10,ShadyCommish88,CHRIS RODRIGUEZ,10219,RB,0.8,Played,5.0,1191
2024,10,ShadyCommish88,BRAELON ALLEN,11576,RB,7.800000000000001,Played,14.0,3010
2024,10,ShadyCommish88,TUCKER KRAFT,9484,TE,0,Did Not Play,0,3374
2024,10,ShadyCommish88,JORDAN MASON,8408,RB,1.0,Played,3.0,2855
2024,10,ShadyCommish88,DORIAN THOMPSON ROBINSON,10862,QB,0,Did Not Play,0,946
2024,10,ShadyCommish88,JORDAN TRAVIS,11567,QB,0,Did Not Play,0,1085
2024,10,ShadyCommish88,ISIAH PACHECO,8205,RB,0,Did Not Play,0,3073
2024,10,ShadyCommish88,ERICK ALL,11592,TE,0,Did Not Play,0,1717
2024,10,ShadyCommish88,BRANDIN COOKS,2197,WR,0,Did Not Play,0,1216
2024,10,ShadyCommish88,MALIK WASHINGTON,11610,WR,14.0,Played,18.0,1859
2024,10,ShadyCommish88,JOE FLACCO,19,QB,23.200000000000003,Played,64.0,1357
2024,10,ShadyCommish88,DEVONTEZ WALKER,11629,WR,0,Played,0,1327
2024,10,emanueljd3,SAM LAPORTA,10859,TE,24.200000000000003,Played,39.0,5361
2024,10,emanueljd3,AUDRIC ESTIME,11579,RB,10.600000000000001,Played,26.0,2235
2024,10,emanueljd3,JATAVION SANDERS,11600,TE,9.6,Played,53.0,2616
2024,10,emanueljd3,JAVON BAKER,11645,WR,0,Played,4.0,1672
2024,10,emanueljd3,MIKE EVANS,2216,WR,0,Did Not Play,0,3957
2024,10,emanueljd3,TYREEK HILL,3321,WR,14.399999999999999,Played,46.0,3968
2024,10,emanueljd3,NOAH BROWN,4234,WR,9.600000000000001,Played,57.0,1234
2024,10,emanueljd3,CALVIN RIDLEY,4981,WR,33.8,Played,50.0,2952
2024,10,emanueljd3,COURTLAND SUTTON,5045,WR,26.0,Played,54.0,3437
2024,10,emanueljd3,ROBERT SPILLANE,5726,LB,0,Did Not Play,0,
2024,10,emanueljd3,DAVID MONTGOMERY,5892,RB,18.200000000000003,Played,26.0,3860
2024,10,emanueljd3,JORDAN LOVE,6804,QB,0,Did Not Play,0,6264
2024,10,emanueljd3,TRAVIS ETIENNE,7543,RB,9.600000000000001,Played,30.0,3168
2024,10,emanueljd3,JAMESON WILLIAMS,8148,WR,14.600000000000001,Played,48.0,4551
2024,10,lamjohnson56,RASHEE RICE,10229,WR,0,Did Not Play,0,5411
2024,10,lamjohnson56,SPENCER RATTLER,11562,QB,0,Did Not Play,0,1875
2024,10,lamjohnson56,JARED WILEY,11595,TE,0,Did Not Play,0,1102
2024,10,lamjohnson56,BEN SINNOTT,11596,TE,0,Played,13.0,2647
2024,10,lamjohnson56,ADONAI MITCHELL,11625,WR,20.200000000000003,Played,60.0,2787
2024,10,lamjohnson56,ZACH ERTZ,1339,TE,10.2,Played,49.0,1836
2024,10,lamjohnson56,GENO SMITH,1373,QB,0,Did Not Play,0,3456
2024,10,lamjohnson56,DIONTAE JOHNSON,5937,WR,2.2,Played,5.0,1355
2024,10,lamjohnson56,ALEXANDER MATTISON,5987,RB,0,Did Not Play,0,1336
2024,10,lamjohnson56,AJ DILLON,6828,RB,0,Did Not Play,0,1187
2024,10,lamjohnson56,MAC JONES,7527,QB,6.700000000000001,Played,44.0,1543
2024,10,lamjohnson56,JOSH PALMER,7670,WR,8.2,Played,31.0,2176
2024,10,lamjohnson56,ROMEO DOUBS,8121,WR,0,Did Not Play,0,2679
2024,10,lamjohnson56,ALEC PIERCE,8142,WR,27.2,Played,55.0,2353
2024,10,lamjohnson56,SAM HOWELL,8162,QB,0,Did Not Play,0,1682
2024,10,Team 9,DAVID NJOKU,4033,TE,0,Did Not Play,0,3378
2024,10,Team 9,DEUCE VAUGHN,9505,RB,0,Did Not Play,0,1062
2024,10,Team 9,EMANUEL WILSON,11435,RB,0,Did Not Play,0,1325
2024,10,Team 9,BUB MEANS,11748,WR,0,Did Not Play,0,1261
2024,10,Team 9,BO MELTON,8204,WR,0,Did Not Play,0,1085
2024,10,Team 9,RASHEEN ALI,11570,RB,0,Did Not Play,0,1088
2024,10,Team 9,RUSSELL WILSON,1234,QB,34.1,Played,78.0,2425
2024,10,Team 9,ADAM THIELEN,1689,WR,0,Did Not Play,0,1750
2024,10,Team 9,MALACHI CORLEY,11617,WR,1.4,Played,16.0,1632
2024,10,Team 9,TYLER BADIE,8208,RB,0,Did Not Play,0,908
2024,10,Team 9,LUKE MCCAFFREY,11650,WR,5.6000000000000005,Played,26.0,1949
2024,10,Team 9,WILL LEVIS,9999,QB,37.7,Played,54.0,1849
2024,10,Team 9,CALVIN AUSTIN,8125,WR,6.0,Played,35.0,1455
2024,10,Team 9,HENDON HOOKER,9998,QB,0,Did Not Play,0,1136
2024,10,Team 9,LADD MCCONKEY,11635,WR,12.4,Played,46.0,6371
2024,10,Team 9,ELIJAH MITCHELL,7561,RB,0,Did Not Play,0,1689
2024,10,Team 9,RONDALE MOORE,7601,WR,0,Did Not Play,0,1512
2024,10,Team 9,DYLAN LAUBE,11574,RB,0,Did Not Play,0,968
2024,10,connerstafford11,ROSCHON JOHNSON,10235,RB,1.2,Played,20.0,1890
2024,10,connerstafford11,JAYLEN WRIGHT,11643,RB,0.6000000000000001,Played,9.0,2675
2024,10,connerstafford11,KIMANI VIDAL,11647,RB,0,Did Not Play,0,1694
2024,10,connerstafford11,DEMARCUS ROBINSON,3286,WR,6.6000000000000005,Played,58.0,1127
2024,10,connerstafford11,JONNU SMITH,4144,TE,12.0,Played,23.0,2789
2024,10,connerstafford11,CHRISTIAN KIRK,4950,WR,0,Did Not Play,0,2796
2024,10,connerstafford11,NICK CHUBB,4988,RB,0,Did Not Play,0,1947
2024,10,connerstafford11,RAY RAY MCCLOUD,5096,WR,10.2,Played,77.0,1260
2024,10,connerstafford11,TYLER CONKLIN,5133,TE,2.6,Played,45.0,1316
2024,10,connerstafford11,ALLEN LAZARD,5185,WR,0,Did Not Play,0,924
2024,10,connerstafford11,DK METCALF,5846,WR,0,Did Not Play,0,4703
2024,10,connerstafford11,HOLLYWOOD BROWN,5848,WR,0,Did Not Play,0,
2024,10,connerstafford11,JOSH JACOBS,5850,RB,0,Did Not Play,0,4779
2024,10,connerstafford11,JUSTICE HILL,5995,RB,1.6,Played,22.0,1562
2024,10,connerstafford11,GARDNER MINSHEW,6011,QB,0,Did Not Play,0,1163
2024,10,connerstafford11,GABRIEL DAVIS,6943,WR,6.800000000000001,Played,38.0,1820
2024,11,tmjones212,JJ MCCARTHY,11565,QB,0,Did Not Play,0,5493
2024,11,tmjones212,WILL SHIPLEY,11577,RB,0,Played,0,1759
2024,11,tmjones212,BUCKY IRVING,11584,RB,0,Did Not Play,0,5640
2024,11,tmjones212,XAVIER WORTHY,11624,WR,23.6,Played,32.0,4790
2024,11,tmjones212,XAVIER LEGETTE,11626,WR,0,Did Not Play,0,2941
2024,11,tmjones212,DESHAUN WATSON,4017,QB,0,Did Not Play,0,927
2024,11,tmjones212,BOBBY OKEREKE,5944,LB,0,Did Not Play,0,
2024,11,tmjones212,DARNELL MOONEY,7090,WR,7.4,Played,34.0,2808
2024,11,tmjones212,JUSTIN FIELDS,7591,QB,3.4000000000000004,Played,3.0,3952
2024,11,tmjones212,PAT FREIERMUTH,7600,TE,4.800000000000001,Played,45.0,2807
2024,11,tmjones212,WANDALE ROBINSON,8126,WR,0,Did Not Play,0,2532
2024,11,tmjones212,TREYLON BURKS,8135,WR,0,Did Not Play,0,1419
2024,11,tmjones212,CHRISTIAN WATSON,8167,WR,38.0,Played,31.0,2660
2024,11,tmjones212,JORDAN ADDISON,9756,WR,21.200000000000003,Played,44.0,4839
2024,11,tmjones212,KENDRE MILLER,9757,RB,0,Did Not Play,0,2320
2024,11,BaoDown,DRAKE MAYE,11564,QB,37.6,Played,76.0,6760
2024,11,BaoDown,THEO JOHNSON,11597,TE,0,Did Not Play,0,2179
2024,11,BaoDown,ROMAN WILSON,11630,WR,0,Did Not Play,0,1982
2024,11,BaoDown,KEENAN ALLEN,1479,WR,12.200000000000001,Played,66.0,2085
2024,11,BaoDown,DEREK CARR,2028,QB,38.4,Played,56.0,2177
2024,11,BaoDown,TYLER LOCKETT,2374,WR,5.800000000000001,Played,47.0,1147
2024,11,BaoDown,STEFON DIGGS,2449,WR,0,Did Not Play,0,2808
2024,11,BaoDown,DALTON SCHULTZ,5001,TE,11.600000000000001,Played,48.0,2110
2024,11,BaoDown,KYLER MURRAY,5849,QB,0,Did Not Play,0,5608
2024,11,BaoDown,ZACK MOSS,6845,RB,0,Did Not Play,0,1685
2024,11,BaoDown,ANTOINE WINFIELD,6888,DB,0,Did Not Play,0,
2024,11,BaoDown,KHALIL HERBERT,7608,RB,0,Played,4.0,1384
2024,11,BaoDown,PAULSON ADEBO,7669,CB,0,Did Not Play,0,
2024,11,BaoDown,ISAIAH LIKELY,8131,TE,15.0,Played,30.0,3392
2024,11,BaoDown,BRIAN ROBINSON,8154,RB,21.400000000000002,Played,35.0,3215
2024,11,BaoDown,JAQUAN BRISKER,8323,DB,0,Did Not Play,0,
2024,11,BaoDown,AARON RODGERS,96,QB,31.8,Played,51.0,1658
2024,11,EBao,JAYDEN REED,10222,WR,11.600000000000001,Played,26.0,3717
2024,11,EBao,BLAKE CORUM,11586,RB,6.6000000000000005,Played,10.0,2785
2024,11,EBao,JALYNN POLK,11619,WR,0,Played,31.0,2066
2024,11,EBao,JERMAINE BURTON,11640,WR,2.6,Played,18.0,1623
2024,11,EBao,AMARI COOPER,2309,WR,13.0,Played,37.0,2285
2024,11,EBao,DAK PRESCOTT,3294,QB,0,Did Not Play,0,4711
2024,11,EBao,MIKE PITTMAN,6819,WR,14.200000000000001,Played,61.0,3446
2024,11,EBao,TREVOR LAWRENCE,7523,QB,0,Did Not Play,0,5590
2024,11,EBao,JAVONTE WILLIAMS,7588,RB,27.400000000000002,Played,32.0,2644
2024,11,EBao,CADE OTTON,8111,TE,0,Did Not Play,0,2824
2024,11,EBao,TREY MCBRIDE,8130,TE,0,Did Not Play,0,6584
2024,11,EBao,RACHAAD WHITE,8136,RB,0,Did Not Play,0,2786
2024,11,EBao,JAYLEN WARREN,8228,RB,17.6,Played,26.0,3098
2024,11,EBao,ANDY DALTON,829,QB,0,Did Not Play,0,697
2024,11,Halteclere,MIKE WILSON,10232,WR,0,Did Not Play,0,2196
2024,11,Halteclere,DALTON KINCAID,10236,TE,0,Did Not Play,0,3533
2024,11,Halteclere,JONATHON BROOKS,11583,RB,0,Did Not Play,0,2902
2024,11,Halteclere,TREY BENSON,11589,RB,0,Did Not Play,0,3364
2024,11,Halteclere,JALEN MCMILLAN,11618,WR,0,Did Not Play,0,3098
2024,11,Halteclere,BRENDEN RICE,11621,WR,0,Did Not Play,0,1171
2024,11,Halteclere,MALIK NABERS,11632,WR,0,Did Not Play,0,8575
2024,11,Halteclere,ISAAC GUERENDO,11651,RB,0,Played,2.0,2739
2024,11,Halteclere,DEVAUGHN VELE,11834,WR,17.200000000000003,Played,42.0,1633
2024,11,Halteclere,LOGAN WILSON,6880,LB,0,Did Not Play,0,
2024,11,Halteclere,ZACH WILSON,7538,QB,0,Did Not Play,0,1481
2024,11,Halteclere,JAHAN DOTSON,8119,WR,2.6,Played,29.0,1685
2024,11,Halteclere,MALIK WILLIS,8161,QB,0,Did Not Play,0,1641
2024,11,Halteclere,TYJAE SPEARS,9508,RB,3.6,Played,26.0,2872
2024,11,androooooo,DARIUS SLAYTON,6149,WR,0,Did Not Play,0,1688
2024,11,androooooo,CALEB WILLIAMS,11560,QB,37.1,Played,72.0,6758
2024,11,androooooo,MIKE MAYER,9482,TE,2.0,Played,34.0,2264
2024,11,androooooo,BRANDON AIYUK,6803,WR,0,Did Not Play,0,4220
2024,11,androooooo,CHRIS OLAVE,8144,WR,0,Did Not Play,0,4647
2024,11,androooooo,CAM AKERS,6938,RB,15.2,Played,27.0,1299
2024,11,androooooo,KEON COLEMAN,11637,WR,0,Did Not Play,0,3696
2024,11,androooooo,MARSHAWN LLOYD,11581,RB,0,Did Not Play,0,2379
2024,11,androooooo,TROY FRANKLIN,11627,WR,11.0,Played,27.0,2430
2024,11,androooooo,RASHID SHAHEED,8676,WR,0,Did Not Play,0,2903
2024,11,androooooo,ANDREI IOSIVAS,10226,WR,12.200000000000001,Played,56.0,2093
2024,11,androooooo,JULIUS CHESTNUT,8254,RB,0,Played,0,595
2024,11,androooooo,KEATON MITCHELL,9511,RB,0,Played,2.0,2041
2024,11,androooooo,JAKE HAENER,10215,QB,-0.4,Played,2.0,531
2024,11,androooooo,MASON TIPTON,11895,WR,0,Did Not Play,0,931
2024,11,androooooo,BUDDA BAKER,4081,DB,0,Did Not Play,0,
2024,11,androooooo,CHRIS GODWIN,4037,WR,0,Did Not Play,0,3938
2024,11,androooooo,JACOB COWING,11616,WR,0,Played,1.0,1388
2024,11,ShadyCommish88,TYSON BAGENT,11256,QB,0,Did Not Play,0,713
2024,11,ShadyCommish88,JALEN COKER,11646,WR,0,Did Not Play,0,2719
2024,11,ShadyCommish88,DAMEON PIERCE,8129,RB,0.4,Played,4.0,1388
2024,11,ShadyCommish88,MARVIN HARRISON,11628,WR,0,Did Not Play,0,6537
2024,11,ShadyCommish88,TREY LANCE,7610,QB,0,Did Not Play,0,970
2024,11,ShadyCommish88,AIDAN OCONNELL,10866,QB,0,Did Not Play,0,1373
2024,11,ShadyCommish88,TOMMY DEVITO,11292,QB,0,Did Not Play,0,670
2024,11,ShadyCommish88,MIKE PENIX,11559,QB,2.4000000000000004,Played,13.0,5398
2024,11,ShadyCommish88,TYRONE TRACY,11655,RB,0,Did Not Play,0,3480
2024,11,ShadyCommish88,TRE TUCKER,10213,WR,10.0,Played,58.0,1847
2024,11,ShadyCommish88,JUJU SMITH SCHUSTER,4040,WR,3.6,Played,20.0,1138
2024,11,ShadyCommish88,BRAELON ALLEN,11576,RB,1.2000000000000002,Played,9.0,3010
2024,11,ShadyCommish88,JORDAN MASON,8408,RB,2.6,Played,2.0,2855
2024,11,ShadyCommish88,BRYCE YOUNG,9228,QB,0,Did Not Play,0,4896
2024,11,ShadyCommish88,DONTAYVION WICKS,9486,WR,0,Played,16.0,2547
2024,11,ShadyCommish88,JORDAN TRAVIS,11567,QB,0,Did Not Play,0,1085
2024,11,ShadyCommish88,ISIAH PACHECO,8205,RB,0,Did Not Play,0,3073
2024,11,ShadyCommish88,ERICK ALL,11592,TE,0,Did Not Play,0,1717
2024,11,ShadyCommish88,BRANDIN COOKS,2197,WR,0,Did Not Play,0,1216
2024,11,ShadyCommish88,MALIK WASHINGTON,11610,WR,6.6000000000000005,Played,27.0,1859
2024,11,emanueljd3,SAM LAPORTA,10859,TE,0,Did Not Play,0,5361
2024,11,emanueljd3,AUDRIC ESTIME,11579,RB,8.0,Played,14.0,2235
2024,11,emanueljd3,JATAVION SANDERS,11600,TE,0,Did Not Play,0,2616
2024,11,emanueljd3,JAVON BAKER,11645,WR,0,Played,5.0,1672
2024,11,emanueljd3,MIKE EVANS,2216,WR,0,Did Not Play,0,3957
2024,11,emanueljd3,JAMES CONNER,4137,RB,0,Did Not Play,0,3186
2024,11,emanueljd3,NOAH BROWN,4234,WR,1.8,Played,51.0,1234
2024,11,emanueljd3,BAKER MAYFIELD,4892,QB,0,Did Not Play,0,5434
2024,11,emanueljd3,DJ MOORE,4983,WR,20.4,Played,68.0,4644
2024,11,emanueljd3,MARQUEZ VALDES SCANTLING,5086,WR,26.400000000000002,Played,39.0,998
2024,11,emanueljd3,DAVID MONTGOMERY,5892,RB,34.0,Played,31.0,3860
2024,11,emanueljd3,TRAVIS ETIENNE,7543,RB,9.600000000000001,Played,36.0,3168
2024,11,emanueljd3,RHAMONDRE STEVENSON,7611,RB,21.8,Played,58.0,2688
2024,11,emanueljd3,JAKE FERGUSON,8110,TE,4.2,Played,7.0,2840
2024,11,emanueljd3,JAMESON WILLIAMS,8148,WR,38.2,Played,51.0,4551
2024,11,lamjohnson56,DAVIS ALLEN,10214,TE,0,Played,34.0,999
2024,11,lamjohnson56,RASHEE RICE,10229,WR,0,Did Not Play,0,5411
2024,11,lamjohnson56,SPENCER RATTLER,11562,QB,0,Did Not Play,0,1875
2024,11,lamjohnson56,JARED WILEY,11595,TE,0,Did Not Play,0,1102
2024,11,lamjohnson56,BEN SINNOTT,11596,TE,0,Played,6.0,2647
2024,11,lamjohnson56,ADONAI MITCHELL,11625,WR,8.0,Played,12.0,2787
2024,11,lamjohnson56,ZACH ERTZ,1339,TE,23.4,Played,53.0,1836
2024,11,lamjohnson56,GEORGE KITTLE,4217,TE,0,Did Not Play,0,4037
2024,11,lamjohnson56,COOPER RUSH,4574,QB,40.8,Played,83.0,763
2024,11,lamjohnson56,DIONTAE JOHNSON,5937,WR,0,Played,11.0,1355
2024,11,lamjohnson56,AJ DILLON,6828,RB,0,Did Not Play,0,1187
2024,11,lamjohnson56,MAC JONES,7527,QB,11.200000000000001,Played,48.0,1543
2024,11,lamjohnson56,JOSH PALMER,7670,WR,6.6000000000000005,Played,51.0,2176
2024,11,lamjohnson56,TYLER ALLGEIER,8132,RB,0.8,Played,4.0,2582
2024,11,lamjohnson56,ALEC PIERCE,8142,WR,17.8,Played,56.0,2353
2024,11,lamjohnson56,SAM HOWELL,8162,QB,0,Did Not Play,0,1682
2024,11,Team 9,JUWAN JOHNSON,7002,TE,15.0,Played,34.0,1764
2024,11,Team 9,EMANUEL WILSON,11435,RB,3.4000000000000004,Played,3.0,1325
2024,11,Team 9,BUB MEANS,11748,WR,0,Did Not Play,0,1261
2024,11,Team 9,RASHEEN ALI,11570,RB,0,Did Not Play,0,1088
2024,11,Team 9,ADAM THIELEN,1689,WR,0,Did Not Play,0,1750
2024,11,Team 9,JONATHAN MINGO,10225,WR,0,Played,24.0,1464
2024,11,Team 9,MALACHI CORLEY,11617,WR,3.0,Played,12.0,1632
2024,11,Team 9,TYLER BADIE,8208,RB,0,Did Not Play,0,908
2024,11,Team 9,LUKE MCCAFFREY,11650,WR,0,Played,20.0,1949
2024,11,Team 9,WILL LEVIS,9999,QB,35.1,Played,59.0,1849
2024,11,Team 9,SEAN TUCKER,9506,RB,0,Did Not Play,0,1985
2024,11,Team 9,CALVIN AUSTIN,8125,WR,0.8,Played,26.0,1455
2024,11,Team 9,HENDON HOOKER,9998,QB,4.300000000000001,Played,16.0,1136
2024,11,Team 9,LADD MCCONKEY,11635,WR,34.6,Played,49.0,6371
2024,11,Team 9,ELIJAH MITCHELL,7561,RB,0,Did Not Play,0,1689
2024,11,Team 9,RONDALE MOORE,7601,WR,0,Did Not Play,0,1512
2024,11,Team 9,DANIEL JONES,5870,QB,0,Did Not Play,0,2368
2024,11,Team 9,DYLAN LAUBE,11574,RB,0,Did Not Play,0,968
2024,11,connerstafford11,ROSCHON JOHNSON,10235,RB,15.200000000000001,Played,30.0,1890
2024,11,connerstafford11,RICKY PEARSALL,11638,WR,0,Played,37.0,4079
2024,11,connerstafford11,JAYLEN WRIGHT,11643,RB,2.2,Played,18.0,2675
2024,11,connerstafford11,KIMANI VIDAL,11647,RB,0,Did Not Play,0,1694
2024,11,connerstafford11,JOE FLACCO,19,QB,0,Did Not Play,0,1357
2024,11,connerstafford11,RAHEEM MOSTERT,2749,RB,-0.4,Played,10.0,1056
2024,11,connerstafford11,DEMARCUS ROBINSON,3286,WR,5.800000000000001,Played,39.0,1127
2024,11,connerstafford11,CHRISTIAN KIRK,4950,WR,0,Did Not Play,0,2796
2024,11,connerstafford11,ALLEN LAZARD,5185,WR,0,Did Not Play,0,924
2024,11,connerstafford11,HOLLYWOOD BROWN,5848,WR,0,Did Not Play,0,
2024,11,connerstafford11,JUSTICE HILL,5995,RB,13.2,Played,30.0,1562
2024,11,connerstafford11,GARDNER MINSHEW,6011,QB,37.6,Played,65.0,1163
2024,11,connerstafford11,GABRIEL DAVIS,6943,WR,1.6,Played,26.0,1820
2024,11,connerstafford11,CHUBA HUBBARD,7594,RB,0,Did Not Play,0,4108
2024,11,connerstafford11,TANK BIGSBY,9225,RB,0,Did Not Play,0,2951
2024,12,tmjones212,JJ MCCARTHY,11565,QB,0,Did Not Play,0,5493
2024,12,tmjones212,WILL SHIPLEY,11577,RB,0,Played,0,1759
2024,12,tmjones212,BRIAN THOMAS,11631,WR,0,Did Not Play,0,7584
2024,12,tmjones212,DESHAUN WATSON,4017,QB,0,Did Not Play,0,927
2024,12,tmjones212,QUINCY WILLIAMS,6214,LB,0,Did Not Play,0,
2024,12,tmjones212,TEE HIGGINS,6801,WR,0,Did Not Play,0,5575
2024,12,tmjones212,DARNELL MOONEY,7090,WR,0,Did Not Play,0,2808
2024,12,tmjones212,JUSTIN FIELDS,7591,QB,5.2,Played,7.0,3952
2024,12,tmjones212,PAT FREIERMUTH,7600,TE,15.8,Played,44.0,2807
2024,12,tmjones212,DRAKE LONDON,8112,WR,0,Did Not Play,0,6559
2024,12,tmjones212,KHALIL SHAKIR,8134,WR,0,Did Not Play,0,3726
2024,12,tmjones212,TREYLON BURKS,8135,WR,0,Did Not Play,0,1419
2024,12,tmjones212,CHRISTIAN WATSON,8167,WR,0.8,Played,47.0,2660
2024,12,tmjones212,BIJAN ROBINSON,9509,RB,0,Did Not Play,0,8145
2024,12,tmjones212,KENDRE MILLER,9757,RB,0,Did Not Play,0,2320
2024,12,BaoDown,DRAKE MAYE,11564,QB,27.400000000000002,Played,69.0,6760
2024,12,BaoDown,BREECE HALL,8155,RB,0,Did Not Play,0,5578
2024,12,BaoDown,DALTON SCHULTZ,5001,TE,6.0,Played,46.0,2110
2024,12,BaoDown,ALVIN KAMARA,4035,RB,0,Did Not Play,0,3584
2024,12,BaoDown,PAULSON ADEBO,7669,CB,0,Did Not Play,0,
2024,12,BaoDown,ZACK MOSS,6845,RB,0,Did Not Play,0,1685
2024,12,BaoDown,STEFON DIGGS,2449,WR,0,Did Not Play,0,2808
2024,12,BaoDown,JAQUAN BRISKER,8323,DB,0,Did Not Play,0,
2024,12,BaoDown,FOYESADE OLUOKUN,5332,LB,0,Did Not Play,0,
2024,12,BaoDown,ROQUAN SMITH,4960,LB,0,Did Not Play,0,
2024,12,BaoDown,DEREK CARR,2028,QB,0,Did Not Play,0,2177
2024,12,BaoDown,BRANDON ALLEN,3357,QB,19.900000000000002,Played,49.0,
2024,12,BaoDown,THEO JOHNSON,11597,TE,10.8,Played,43.0,2179
2024,12,BaoDown,ROMAN WILSON,11630,WR,0,Did Not Play,0,1982
2024,12,BaoDown,AARON RODGERS,96,QB,0,Did Not Play,0,1658
2024,12,BaoDown,JAMARR CHASE,7564,WR,0,Did Not Play,0,9999
2024,12,BaoDown,ISAIAH LIKELY,8131,TE,0,Played,35.0,3392
2024,12,BaoDown,MATTHEW STAFFORD,421,QB,39.3,Played,64.0,3093
2024,12,EBao,JAYDEN REED,10222,WR,8.2,Played,36.0,3717
2024,12,EBao,JALYNN POLK,11619,WR,2.4000000000000004,Played,23.0,2066
2024,12,EBao,JERMAINE BURTON,11640,WR,0,Did Not Play,0,1623
2024,12,EBao,AMARI COOPER,2309,WR,0,Did Not Play,0,2285
2024,12,EBao,DAK PRESCOTT,3294,QB,0,Did Not Play,0,4711
2024,12,EBao,JOE BURROW,6770,QB,0,Did Not Play,0,8400
2024,12,EBao,MIKE PITTMAN,6819,WR,25.200000000000003,Played,41.0,3446
2024,12,EBao,JAUAN JENNINGS,7049,WR,13.0,Played,45.0,3273
2024,12,EBao,TREVOR LAWRENCE,7523,QB,0,Did Not Play,0,5590
2024,12,EBao,KYLE PITTS,7553,TE,0,Did Not Play,0,3387
2024,12,EBao,JAMIEN SHERWOOD,7841,LB,0,Did Not Play,0,
2024,12,EBao,CADE OTTON,8111,TE,7.0,Played,53.0,2824
2024,12,EBao,RACHAAD WHITE,8136,RB,16.4,Played,32.0,2786
2024,12,EBao,JAYLEN WARREN,8228,RB,21.8,Played,39.0,3098
2024,12,Halteclere,MIKE WILSON,10232,WR,12.8,Played,48.0,2196
2024,12,Halteclere,DALTON KINCAID,10236,TE,0,Did Not Play,0,3533
2024,12,Halteclere,JONATHON BROOKS,11583,RB,1.4000000000000001,Played,5.0,2902
2024,12,Halteclere,TREY BENSON,11589,RB,3.6,Played,9.0,3364
2024,12,Halteclere,JALEN MCMILLAN,11618,WR,3.2,Played,41.0,3098
2024,12,Halteclere,BRENDEN RICE,11621,WR,0,Did Not Play,0,1171
2024,12,Halteclere,ISAAC GUERENDO,11651,RB,0.0,Played,0,2739
2024,12,Halteclere,DEVAUGHN VELE,11834,WR,22.0,Played,44.0,1633
2024,12,Halteclere,EVAN ENGRAM,4066,TE,0,Did Not Play,0,2895
2024,12,Halteclere,JESSIE BATES,5017,DB,0,Did Not Play,0,
2024,12,Halteclere,LOGAN WILSON,6880,LB,0,Did Not Play,0,
2024,12,Halteclere,ZACH WILSON,7538,QB,0,Did Not Play,0,1481
2024,12,Halteclere,JAHAN DOTSON,8119,WR,1.8,Played,50.0,1685
2024,12,Halteclere,GARRETT WILSON,8146,WR,0,Did Not Play,0,6210
2024,12,Halteclere,TYJAE SPEARS,9508,RB,0,Did Not Play,0,2872
2024,12,androooooo,TERREL BERNARD,8311,LB,0,Did Not Play,0,
2024,12,androooooo,MIKE MAYER,9482,TE,4.2,Played,34.0,2264
2024,12,androooooo,BRANDON AIYUK,6803,WR,0,Did Not Play,0,4220
2024,12,androooooo,CHRIS OLAVE,8144,WR,0,Did Not Play,0,4647
2024,12,androooooo,CAM AKERS,6938,RB,6.0,Played,11.0,1299
2024,12,androooooo,KEON COLEMAN,11637,WR,0,Did Not Play,0,3696
2024,12,androooooo,MARSHAWN LLOYD,11581,RB,0,Did Not Play,0,2379
2024,12,androooooo,BROCK PURDY,8183,QB,0,Did Not Play,0,5520
2024,12,androooooo,TROY FRANKLIN,11627,WR,8.2,Played,27.0,2430
2024,12,androooooo,RASHID SHAHEED,8676,WR,0,Did Not Play,0,2903
2024,12,androooooo,SINCERE MCCORMICK,8220,RB,6.6000000000000005,Played,8.0,1280
2024,12,androooooo,ANDREI IOSIVAS,10226,WR,0,Did Not Play,0,2093
2024,12,androooooo,JULIUS CHESTNUT,8254,RB,2.0,Played,2.0,595
2024,12,androooooo,KEATON MITCHELL,9511,RB,0,Played,0,2041
2024,12,androooooo,JAKE HAENER,10215,QB,0,Did Not Play,0,531
2024,12,androooooo,MASON TIPTON,11895,WR,0,Did Not Play,0,931
2024,12,androooooo,JALEN TOLBERT,8117,WR,12.4,Played,64.0,1665
2024,12,androooooo,CHRIS GODWIN,4037,WR,0,Did Not Play,0,3938
2024,12,androooooo,JACOB COWING,11616,WR,0,Did Not Play,0,1388
2024,12,ShadyCommish88,RAY DAVIS,11575,RB,0,Did Not Play,0,2644
2024,12,ShadyCommish88,EDGERRIN COOPER,11687,LB,0,Did Not Play,0,
2024,12,ShadyCommish88,JALEN COKER,11646,WR,0,Did Not Play,0,2719
2024,12,ShadyCommish88,TREY LANCE,7610,QB,-0.6000000000000001,Played,2.0,970
2024,12,ShadyCommish88,AIDAN OCONNELL,10866,QB,0,Did Not Play,0,1373
2024,12,ShadyCommish88,TOMMY DEVITO,11292,QB,25.300000000000004,Played,58.0,670
2024,12,ShadyCommish88,MIKE PENIX,11559,QB,0,Did Not Play,0,5398
2024,12,ShadyCommish88,TRE TUCKER,10213,WR,24.400000000000002,Played,69.0,1847
2024,12,ShadyCommish88,JEROME FORD,8143,RB,6.4,Played,20.0,2370
2024,12,ShadyCommish88,BRAELON ALLEN,11576,RB,0,Did Not Play,0,3010
2024,12,ShadyCommish88,JORDAN MASON,8408,RB,3.6,Played,9.0,2855
2024,12,ShadyCommish88,BRYCE YOUNG,9228,QB,36.3,Played,62.0,4896
2024,12,ShadyCommish88,TYROD TAYLOR,827,QB,0,Did Not Play,0,709
2024,12,ShadyCommish88,DONTAYVION WICKS,9486,WR,6.0,Played,28.0,2547
2024,12,ShadyCommish88,JORDAN TRAVIS,11567,QB,0,Did Not Play,0,1085
2024,12,ShadyCommish88,EVAN MCPHERSON,7839,K,0,Did Not Play,0,
2024,12,ShadyCommish88,ISIAH PACHECO,8205,RB,0,Did Not Play,0,3073
2024,12,ShadyCommish88,ERICK ALL,11592,TE,0,Did Not Play,0,1717
2024,12,ShadyCommish88,BRANDIN COOKS,2197,WR,0,Did Not Play,0,1216
2024,12,ShadyCommish88,MALIK WASHINGTON,11610,WR,1.5999999999999999,Played,23.0,1859
2024,12,emanueljd3,AUDRIC ESTIME,11579,RB,3.0,Played,5.0,2235
2024,12,emanueljd3,JATAVION SANDERS,11600,TE,12.8,Played,12.0,2616
2024,12,emanueljd3,JAVON BAKER,11645,WR,0,Played,11.0,1672
2024,12,emanueljd3,KIRK COUSINS,1166,QB,0,Did Not Play,0,2265
2024,12,emanueljd3,CALVIN RIDLEY,4981,WR,23.6,Played,53.0,2952
2024,12,emanueljd3,DJ MOORE,4983,WR,41.800000000000004,Played,75.0,4644
2024,12,emanueljd3,COURTLAND SUTTON,5045,WR,39.400000000000006,Played,58.0,3437
2024,12,emanueljd3,MARQUEZ VALDES SCANTLING,5086,WR,0,Did Not Play,0,998
2024,12,emanueljd3,TRAVIS ETIENNE,7543,RB,0,Did Not Play,0,3168
2024,12,emanueljd3,RHAMONDRE STEVENSON,7611,RB,4.6,Played,29.0,2688
2024,12,emanueljd3,JAKE FERGUSON,8110,TE,0,Did Not Play,0,2840
2024,12,emanueljd3,JAMES COOK,8138,RB,0,Did Not Play,0,4860
2024,12,emanueljd3,JAMESON WILLIAMS,8148,WR,18.6,Played,60.0,4551
2024,12,emanueljd3,NAKOBE DEAN,8267,LB,0,Did Not Play,0,
2024,12,lamjohnson56,RASHEE RICE,10229,WR,0,Did Not Play,0,5411
2024,12,lamjohnson56,SPENCER RATTLER,11562,QB,0,Did Not Play,0,1875
2024,12,lamjohnson56,JARED WILEY,11595,TE,0,Did Not Play,0,1102
2024,12,lamjohnson56,BEN SINNOTT,11596,TE,0,Played,21.0,2647
2024,12,lamjohnson56,AJ BARNER,11603,TE,6.800000000000001,Played,54.0,1487
2024,12,lamjohnson56,DAVANTE ADAMS,2133,WR,0,Did Not Play,0,3635
2024,12,lamjohnson56,COOPER RUSH,4574,QB,36.900000000000006,Played,64.0,763
2024,12,lamjohnson56,WILL DISSLY,5010,TE,13.4,Played,52.0,1268
2024,12,lamjohnson56,GERMAINE PRATT,5894,LB,0,Did Not Play,0,
2024,12,lamjohnson56,DIONTAE JOHNSON,5937,WR,0,Played,6.0,1355
2024,12,lamjohnson56,ALEXANDER MATTISON,5987,RB,0,Did Not Play,0,1336
2024,12,lamjohnson56,AJ DILLON,6828,RB,0,Did Not Play,0,1187
2024,12,lamjohnson56,DEVONTA SMITH,7525,WR,0,Did Not Play,0,5268
2024,12,lamjohnson56,MAC JONES,7527,QB,0,Did Not Play,0,1543
2024,12,lamjohnson56,TYLER ALLGEIER,8132,RB,0,Did Not Play,0,2582
2024,12,lamjohnson56,SAM HOWELL,8162,QB,0,Did Not Play,0,1682
2024,12,lamjohnson56,CHASE BROWN,9224,RB,0,Did Not Play,0,4398
2024,12,Team 9,EMANUEL WILSON,11435,RB,8.200000000000001,Played,15.0,1325
2024,12,Team 9,RASHEEN ALI,11570,RB,0,Did Not Play,0,1088
2024,12,Team 9,BLAKE CORUM,11586,RB,1.0,Played,6.0,2785
2024,12,Team 9,MALACHI CORLEY,11617,WR,0,Did Not Play,0,1632
2024,12,Team 9,LADD MCCONKEY,11635,WR,22.6,Played,59.0,6371
2024,12,Team 9,LUKE MCCAFFREY,11650,WR,3.6,Played,18.0,1949
2024,12,Team 9,BUB MEANS,11748,WR,0,Did Not Play,0,1261
2024,12,Team 9,ADAM THIELEN,1689,WR,14.4,Played,38.0,1750
2024,12,Team 9,DANIEL JONES,5870,QB,0,Did Not Play,0,2368
2024,12,Team 9,ELIJAH MITCHELL,7561,RB,0,Did Not Play,0,1689
2024,12,Team 9,RONDALE MOORE,7601,WR,0,Did Not Play,0,1512
2024,12,Team 9,CALVIN AUSTIN,8125,WR,24.6,Played,40.0,1455
2024,12,Team 9,BO MELTON,8204,WR,1.0,Played,23.0,1085
2024,12,Team 9,TYLER BADIE,8208,RB,0,Did Not Play,0,908
2024,12,Team 9,PARKER WASHINGTON,9487,WR,0,Did Not Play,0,1892
2024,12,Team 9,SEAN TUCKER,9506,RB,9.0,Played,5.0,1985
2024,12,Team 9,HENDON HOOKER,9998,QB,0,Did Not Play,0,1136
2024,12,connerstafford11,ROSCHON JOHNSON,10235,RB,9.4,Played,29.0,1890
2024,12,connerstafford11,RICKY PEARSALL,11638,WR,0,Played,33.0,4079
2024,12,connerstafford11,JAYLEN WRIGHT,11643,RB,1.6000000000000005,Played,13.0,2675
2024,12,connerstafford11,KIMANI VIDAL,11647,RB,0,Did Not Play,0,1694
2024,12,connerstafford11,JOE FLACCO,19,QB,0,Did Not Play,0,1357
2024,12,connerstafford11,RAHEEM MOSTERT,2749,RB,1.4,Played,21.0,1056
2024,12,connerstafford11,DEMARCUS ROBINSON,3286,WR,11.0,Played,51.0,1127
2024,12,connerstafford11,TAYSOM HILL,4381,TE,0,Did Not Play,0,1364
2024,12,connerstafford11,CHRISTIAN KIRK,4950,WR,0,Did Not Play,0,2796
2024,12,connerstafford11,JOSH ALLEN,4984,QB,0,Did Not Play,0,9997
2024,12,connerstafford11,DALLAS GOEDERT,5022,TE,7.800000000000001,Played,55.0,2625
2024,12,connerstafford11,ALLEN LAZARD,5185,WR,0,Did Not Play,0,924
2024,12,connerstafford11,HOLLYWOOD BROWN,5848,WR,0,Did Not Play,0,
2024,12,connerstafford11,JUSTICE HILL,5995,RB,20.4,Played,26.0,1562
2024,12,connerstafford11,GABRIEL DAVIS,6943,WR,0,Did Not Play,0,1820
2024,12,connerstafford11,NICK WESTBROOK IKHINE,7496,WR,17.6,Played,60.0,1422
2024,12,connerstafford11,TANK BIGSBY,9225,RB,0,Did Not Play,0,2951
2024,13,tmjones212,JJ MCCARTHY,11565,QB,0,Did Not Play,0,5493
2024,13,tmjones212,WILL SHIPLEY,11577,RB,0.8,Played,1.0,1759
2024,13,tmjones212,XAVIER WORTHY,11624,WR,15.8,Played,42.0,4790
2024,13,tmjones212,XAVIER LEGETTE,11626,WR,14.600000000000001,Played,67.0,2941
2024,13,tmjones212,DESHAUN WATSON,4017,QB,0,Did Not Play,0,927
2024,13,tmjones212,QUINCY WILLIAMS,6214,LB,0,Did Not Play,0,
2024,13,tmjones212,JERRY JEUDY,6783,WR,70.0,Played,78.0,3861
2024,13,tmjones212,DARNELL MOONEY,7090,WR,7.0,Played,76.0,2808
2024,13,tmjones212,JUSTIN FIELDS,7591,QB,1.4000000000000001,Played,2.0,3952
2024,13,tmjones212,PAT FREIERMUTH,7600,TE,25.6,Played,46.0,2807
2024,13,tmjones212,KHALIL SHAKIR,8134,WR,10.0,Played,29.0,3726
2024,13,tmjones212,TREYLON BURKS,8135,WR,0,Did Not Play,0,1419
2024,13,tmjones212,CHRISTIAN WATSON,8167,WR,15.4,Played,51.0,2660
2024,13,tmjones212,ZACH CHARBONNET,9753,RB,16.200000000000003,Played,29.0,3434
2024,13,tmjones212,KENDRE MILLER,9757,RB,0,Did Not Play,0,2320
2024,13,BaoDown,DRAKE MAYE,11564,QB,39.6,Played,71.0,6760
2024,13,BaoDown,THEO JOHNSON,11597,TE,15.8,Played,56.0,2179
2024,13,BaoDown,ROMAN WILSON,11630,WR,0,Did Not Play,0,1982
2024,13,BaoDown,BOBBY WAGNER,1233,LB,0,Did Not Play,0,
2024,13,BaoDown,DEANDRE HOPKINS,1426,WR,22.0,Played,42.0,1786
2024,13,BaoDown,KEENAN ALLEN,1479,WR,31.6,Played,64.0,2085
2024,13,BaoDown,DEREK CARR,2028,QB,28.800000000000004,Played,70.0,2177
2024,13,BaoDown,TYLER LOCKETT,2374,WR,6.2,Played,30.0,1147
2024,13,BaoDown,STEFON DIGGS,2449,WR,0,Did Not Play,0,2808
2024,13,BaoDown,MATTHEW STAFFORD,421,QB,30.900000000000002,Played,56.0,3093
2024,13,BaoDown,JEREMY MCNICHOLS,4219,RB,6.4,Played,21.0,
2024,13,BaoDown,DALTON SCHULTZ,5001,TE,23.200000000000003,Played,43.0,2110
2024,13,BaoDown,ZACK MOSS,6845,RB,0,Did Not Play,0,1685
2024,13,BaoDown,PAULSON ADEBO,7669,CB,0,Did Not Play,0,
2024,13,BaoDown,ISAIAH LIKELY,8131,TE,18.6,Played,36.0,3392
2024,13,BaoDown,JAQUAN BRISKER,8323,DB,0,Did Not Play,0,
2024,13,BaoDown,AARON RODGERS,96,QB,27.7,Played,68.0,1658
2024,13,EBao,JALYNN POLK,11619,WR,0,Played,20.0,2066
2024,13,EBao,JERMAINE BURTON,11640,WR,0,Played,2.0,1623
2024,13,EBao,AMARI COOPER,2309,WR,5.4,Played,27.0,2285
2024,13,EBao,DAK PRESCOTT,3294,QB,0,Did Not Play,0,4711
2024,13,EBao,KAREEM HUNT,4098,RB,5.0,Played,27.0,1725
2024,13,EBao,JAUAN JENNINGS,7049,WR,14.200000000000001,Played,46.0,3273
2024,13,EBao,TREVOR LAWRENCE,7523,QB,1.3000000000000007,Played,19.0,5590
2024,13,EBao,KYLE PITTS,7553,TE,0,Played,33.0,3387
2024,13,EBao,JAVONTE WILLIAMS,7588,RB,7.800000000000001,Played,30.0,2644
2024,13,EBao,CADE OTTON,8111,TE,9.0,Played,75.0,2824
2024,13,EBao,RACHAAD WHITE,8136,RB,16.6,Played,42.0,2786
2024,13,EBao,JAYLEN WARREN,8228,RB,16.8,Played,25.0,3098
2024,13,EBao,WILL LEVIS,9999,QB,32.6,Played,55.0,1849
2024,13,Halteclere,MIKE WILSON,10232,WR,17.0,Played,67.0,2196
2024,13,Halteclere,DALTON KINCAID,10236,TE,0,Did Not Play,0,3533
2024,13,Halteclere,IVAN PACE,11086,LB,0,Did Not Play,0,
2024,13,Halteclere,JONATHON BROOKS,11583,RB,11.2,Played,15.0,2902
2024,13,Halteclere,TREY BENSON,11589,RB,4.0,Played,13.0,3364
2024,13,Halteclere,JALEN MCMILLAN,11618,WR,7.0,Played,61.0,3098
2024,13,Halteclere,BRENDEN RICE,11621,WR,0,Did Not Play,0,1171
2024,13,Halteclere,ISAAC GUERENDO,11651,RB,10.200000000000001,Played,11.0,2739
2024,13,Halteclere,DEVAUGHN VELE,11834,WR,5.2,Played,31.0,1633
2024,13,Halteclere,JK DOBBINS,6806,RB,0,Did Not Play,0,2422
2024,13,Halteclere,LOGAN WILSON,6880,LB,0,Did Not Play,0,
2024,13,Halteclere,ZACH WILSON,7538,QB,0,Did Not Play,0,1481
2024,13,Halteclere,JAHAN DOTSON,8119,WR,2.4000000000000004,Played,36.0,1685
2024,13,Halteclere,TYJAE SPEARS,9508,RB,0.6000000000000001,Played,14.0,2872
2024,13,androooooo,MIKE MAYER,9482,TE,2.0,Played,43.0,2264
2024,13,androooooo,BRANDON AIYUK,6803,WR,0,Did Not Play,0,4220
2024,13,androooooo,JOSH DOWNS,9500,WR,0,Did Not Play,0,3805
2024,13,androooooo,CHRIS OLAVE,8144,WR,0,Did Not Play,0,4647
2024,13,androooooo,CAM AKERS,6938,RB,4.4,Played,16.0,1299
2024,13,androooooo,KEON COLEMAN,11637,WR,0,Did Not Play,0,3696
2024,13,androooooo,MARSHAWN LLOYD,11581,RB,0,Did Not Play,0,2379
2024,13,androooooo,BROCK PURDY,8183,QB,6.2,Played,48.0,5520
2024,13,androooooo,TROY FRANKLIN,11627,WR,7.6000000000000005,Played,27.0,2430
2024,13,androooooo,RASHID SHAHEED,8676,WR,0,Did Not Play,0,2903
2024,13,androooooo,SINCERE MCCORMICK,8220,RB,15.0,Played,26.0,1280
2024,13,androooooo,ANDREI IOSIVAS,10226,WR,16.0,Played,42.0,2093
2024,13,androooooo,JULIUS CHESTNUT,8254,RB,0,Played,1.0,595
2024,13,androooooo,KEATON MITCHELL,9511,RB,0,Did Not Play,0,2041
2024,13,androooooo,AUSTIN EKELER,4663,RB,0,Did Not Play,0,1926
2024,13,androooooo,JAKE HAENER,10215,QB,0,Did Not Play,0,531
2024,13,androooooo,MASON TIPTON,11895,WR,0,Did Not Play,0,931
2024,13,androooooo,JALEN TOLBERT,8117,WR,10.200000000000001,Played,55.0,1665
2024,13,androooooo,CHRIS GODWIN,4037,WR,0,Did Not Play,0,3938
2024,13,androooooo,JACOB COWING,11616,WR,0,Played,1.0,1388
2024,13,ShadyCommish88,CADE STOVER,11599,TE,1.8,Played,37.0,1530
2024,13,ShadyCommish88,RAY DAVIS,11575,RB,20.400000000000002,Played,19.0,2644
2024,13,ShadyCommish88,EDGERRIN COOPER,11687,LB,0,Did Not Play,0,
2024,13,ShadyCommish88,JALEN COKER,11646,WR,0,Did Not Play,0,2719
2024,13,ShadyCommish88,CEDRIC TILLMAN,10444,WR,0,Did Not Play,0,2695
2024,13,ShadyCommish88,TREY LANCE,7610,QB,0,Did Not Play,0,970
2024,13,ShadyCommish88,AIDAN OCONNELL,10866,QB,45.0,Played,68.0,1373
2024,13,ShadyCommish88,TOMMY DEVITO,11292,QB,0,Did Not Play,0,670
2024,13,ShadyCommish88,MIKE PENIX,11559,QB,0,Did Not Play,0,5398
2024,13,ShadyCommish88,TRE TUCKER,10213,WR,20.8,Played,66.0,1847
2024,13,ShadyCommish88,BRAELON ALLEN,11576,RB,7.4,Played,19.0,3010
2024,13,ShadyCommish88,TUCKER KRAFT,9484,TE,21.6,Played,49.0,3374
2024,13,ShadyCommish88,JORDAN MASON,8408,RB,15.600000000000001,Played,25.0,2855
2024,13,ShadyCommish88,BRYCE YOUNG,9228,QB,45.199999999999996,Played,70.0,4896
2024,13,ShadyCommish88,DONTAYVION WICKS,9486,WR,10.0,Played,48.0,2547
2024,13,ShadyCommish88,JORDAN TRAVIS,11567,QB,0,Did Not Play,0,1085
2024,13,ShadyCommish88,ERICK ALL,11592,TE,0,Did Not Play,0,1717
2024,13,ShadyCommish88,JAKE BROWNING,6111,QB,0,Did Not Play,0,936
2024,13,ShadyCommish88,BRANDIN COOKS,2197,WR,12.2,Played,30.0,1216
2024,13,ShadyCommish88,MALIK WASHINGTON,11610,WR,-0.3999999999999999,Played,27.0,1859
2024,13,emanueljd3,AUDRIC ESTIME,11579,RB,2.4000000000000004,Played,8.0,2235
2024,13,emanueljd3,JATAVION SANDERS,11600,TE,0,Did Not Play,0,2616
2024,13,emanueljd3,JAVON BAKER,11645,WR,0,Played,2.0,1672
2024,13,emanueljd3,KIRK COUSINS,1166,QB,9.1,Played,81.0,2265
2024,13,emanueljd3,TYREEK HILL,3321,WR,28.6,Played,57.0,3968
2024,13,emanueljd3,JAMES CONNER,4137,RB,19.200000000000003,Played,48.0,3186
2024,13,emanueljd3,MARQUEZ VALDES SCANTLING,5086,WR,15.2,Played,53.0,998
2024,13,emanueljd3,ROBERT SPILLANE,5726,LB,0,Did Not Play,0,
2024,13,emanueljd3,TRAVIS ETIENNE,7543,RB,14.600000000000001,Played,37.0,3168
2024,13,emanueljd3,RHAMONDRE STEVENSON,7611,RB,21.8,Played,56.0,2688
2024,13,emanueljd3,JAKE FERGUSON,8110,TE,0,Did Not Play,0,2840
2024,13,emanueljd3,JAMESON WILLIAMS,8148,WR,14.2,Played,55.0,4551
2024,13,emanueljd3,QUENTIN LAKE,8330,DB,0,Did Not Play,0,
2024,13,emanueljd3,ZAY FLOWERS,9997,WR,17.2,Played,68.0,4775
2024,13,lamjohnson56,AJ DILLON,6828,RB,0,Did Not Play,0,1187
2024,13,lamjohnson56,MAC JONES,7527,QB,38.7,Played,51.0,1543
2024,13,lamjohnson56,LUKE SCHOONMAKER,10871,TE,11.600000000000001,Played,50.0,1697
2024,13,lamjohnson56,SAM HOWELL,8162,QB,0,Did Not Play,0,1682
2024,13,lamjohnson56,WILL DISSLY,5010,TE,0,Played,29.0,1268
2024,13,lamjohnson56,ADONAI MITCHELL,11625,WR,0,Played,36.0,2787
2024,13,lamjohnson56,SPENCER RATTLER,11562,QB,0,Did Not Play,0,1875
2024,13,lamjohnson56,ROMEO DOUBS,8121,WR,0,Did Not Play,0,2679
2024,13,lamjohnson56,JOSH PALMER,7670,WR,5.2,Played,29.0,2176
2024,13,lamjohnson56,DAVID MOORE,4274,WR,13.0,Played,63.0,
2024,13,lamjohnson56,KEN GAINWELL,7567,RB,0,Played,7.0,1563
2024,13,lamjohnson56,JARED WILEY,11595,TE,0,Did Not Play,0,1102
2024,13,lamjohnson56,DEVONTA SMITH,7525,WR,0,Did Not Play,0,5268
2024,13,lamjohnson56,RASHEE RICE,10229,WR,0,Did Not Play,0,5411
2024,13,lamjohnson56,DIONTAE JOHNSON,5937,WR,0,Did Not Play,0,1355
2024,13,lamjohnson56,BEN SINNOTT,11596,TE,1.6,Played,24.0,2647
2024,13,lamjohnson56,ALEXANDER MATTISON,5987,RB,0,Did Not Play,0,1336
2024,13,lamjohnson56,COOPER RUSH,4574,QB,25.5,Played,76.0,763
2024,13,Team 9,EMANUEL WILSON,11435,RB,4.0,Played,4.0,1325
2024,13,Team 9,RASHEEN ALI,11570,RB,0,Played,0,1088
2024,13,Team 9,BLAKE CORUM,11586,RB,8.4,Played,18.0,2785
2024,13,Team 9,MALACHI CORLEY,11617,WR,2.6,Played,41.0,1632
2024,13,Team 9,LADD MCCONKEY,11635,WR,35.400000000000006,Played,29.0,6371
2024,13,Team 9,LUKE MCCAFFREY,11650,WR,4.6,Played,24.0,1949
2024,13,Team 9,BUB MEANS,11748,WR,0,Did Not Play,0,1261
2024,13,Team 9,DANIEL JONES,5870,QB,0,Did Not Play,0,2368
2024,13,Team 9,LILJORDAN HUMPHREY,5938,WR,0,Played,21.0,733
2024,13,Team 9,ELIJAH MITCHELL,7561,RB,0,Did Not Play,0,1689
2024,13,Team 9,RONDALE MOORE,7601,WR,0,Did Not Play,0,1512
2024,13,Team 9,BO MELTON,8204,WR,0,Played,9.0,1085
2024,13,Team 9,TYLER BADIE,8208,RB,0,Did Not Play,0,908
2024,13,Team 9,PARKER WASHINGTON,9487,WR,37.6,Played,56.0,1892
2024,13,Team 9,MARVIN MIMS,9494,WR,34.8,Played,23.0,2739
2024,13,Team 9,SEAN TUCKER,9506,RB,0,Played,0,1985
2024,13,Team 9,HENDON HOOKER,9998,QB,0,Did Not Play,0,1136
2024,13,connerstafford11,ROSCHON JOHNSON,10235,RB,0,Played,2.0,1890
2024,13,connerstafford11,RICKY PEARSALL,11638,WR,0,Played,35.0,4079
2024,13,connerstafford11,JAYLEN WRIGHT,11643,RB,0,Played,1.0,2675
2024,13,connerstafford11,KIMANI VIDAL,11647,RB,4.0,Played,12.0,1694
2024,13,connerstafford11,RAHEEM MOSTERT,2749,RB,8.8,Played,25.0,1056
2024,13,connerstafford11,DEMARCUS ROBINSON,3286,WR,17.8,Played,34.0,1127
2024,13,connerstafford11,CHRISTIAN KIRK,4950,WR,0,Did Not Play,0,2796
2024,13,connerstafford11,NICK CHUBB,4988,RB,18.0,Played,29.0,1947
2024,13,connerstafford11,DALLAS GOEDERT,5022,TE,16.0,Played,40.0,2625
2024,13,connerstafford11,ALLEN LAZARD,5185,WR,0,Did Not Play,0,924
2024,13,connerstafford11,HOLLYWOOD BROWN,5848,WR,0,Did Not Play,0,
2024,13,connerstafford11,JUSTICE HILL,5995,RB,8.2,Played,36.0,1562
2024,13,connerstafford11,GARDNER MINSHEW,6011,QB,0,Did Not Play,0,1163
2024,13,connerstafford11,GABRIEL DAVIS,6943,WR,0,Did Not Play,0,1820
2024,13,connerstafford11,NICK WESTBROOK IKHINE,7496,WR,27.200000000000003,Played,55.0,1422
2024,13,connerstafford11,NOAH GRAY,7828,TE,15.600000000000001,Played,44.0,2229
2024,13,connerstafford11,TANK BIGSBY,9225,RB,9.0,Played,32.0,2951
2024,14,tmjones212,JJ MCCARTHY,11565,QB,0,Did Not Play,0,5493
2024,14,tmjones212,WILL SHIPLEY,11577,RB,0,Played,0,1759
2024,14,tmjones212,XAVIER WORTHY,11624,WR,14.200000000000001,Played,57.0,4790
2024,14,tmjones212,XAVIER LEGETTE,11626,WR,9.8,Played,62.0,2941
2024,14,tmjones212,DESHAUN WATSON,4017,QB,0,Did Not Play,0,927
2024,14,tmjones212,QUINCY WILLIAMS,6214,LB,0,Did Not Play,0,
2024,14,tmjones212,JERRY JEUDY,6783,WR,23.8,Played,66.0,3861
2024,14,tmjones212,DARNELL MOONEY,7090,WR,37.400000000000006,Played,70.0,2808
2024,14,tmjones212,JUSTIN FIELDS,7591,QB,0,Did Not Play,0,3952
2024,14,tmjones212,PAT FREIERMUTH,7600,TE,18.6,Played,40.0,2807
2024,14,tmjones212,KHALIL SHAKIR,8134,WR,35.2,Played,47.0,3726
2024,14,tmjones212,TREYLON BURKS,8135,WR,0,Did Not Play,0,1419
2024,14,tmjones212,CHRISTIAN WATSON,8167,WR,25.8,Played,46.0,2660
2024,14,tmjones212,ZACH CHARBONNET,9753,RB,60.599999999999994,Played,51.0,3434
2024,14,tmjones212,KENDRE MILLER,9757,RB,12.4,Played,18.0,2320
2024,14,BaoDown,DRAKE MAYE,11564,QB,0,Did Not Play,0,6760
2024,14,BaoDown,THEO JOHNSON,11597,TE,0,Did Not Play,0,2179
2024,14,BaoDown,ROMAN WILSON,11630,WR,0,Did Not Play,0,1982
2024,14,BaoDown,BOBBY WAGNER,1233,LB,0,Did Not Play,0,
2024,14,BaoDown,DEANDRE HOPKINS,1426,WR,16.4,Played,38.0,1786
2024,14,BaoDown,DEREK CARR,2028,QB,26.300000000000004,Played,63.0,2177
2024,14,BaoDown,TYLER LOCKETT,2374,WR,0,Played,43.0,1147
2024,14,BaoDown,STEFON DIGGS,2449,WR,0,Did Not Play,0,2808
2024,14,BaoDown,JEREMY MCNICHOLS,4219,RB,0,Did Not Play,0,
2024,14,BaoDown,LAMAR JACKSON,4881,QB,0,Did Not Play,0,9679
2024,14,BaoDown,DALTON SCHULTZ,5001,TE,0,Did Not Play,0,2110
2024,14,BaoDown,ZACK MOSS,6845,RB,0,Did Not Play,0,1685
2024,14,BaoDown,PAULSON ADEBO,7669,CB,0,Did Not Play,0,
2024,14,BaoDown,ISAIAH LIKELY,8131,TE,0,Did Not Play,0,3392
2024,14,BaoDown,BRIAN ROBINSON,8154,RB,0,Did Not Play,0,3215
2024,14,BaoDown,JAQUAN BRISKER,8323,DB,0,Did Not Play,0,
2024,14,BaoDown,AARON RODGERS,96,QB,42.9,Played,68.0,1658
2024,14,EBao,JALYNN POLK,11619,WR,0,Did Not Play,0,2066
2024,14,EBao,JERMAINE BURTON,11640,WR,0,Played,9.0,1623
2024,14,EBao,AMARI COOPER,2309,WR,25.0,Played,32.0,2285
2024,14,EBao,DAK PRESCOTT,3294,QB,0,Did Not Play,0,4711
2024,14,EBao,KAREEM HUNT,4098,RB,6.800000000000001,Played,20.0,1725
2024,14,EBao,JAUAN JENNINGS,7049,WR,37.0,Played,45.0,3273
2024,14,EBao,TREVOR LAWRENCE,7523,QB,0,Did Not Play,0,5590
2024,14,EBao,KYLE PITTS,7553,TE,3.8000000000000003,Played,58.0,3387
2024,14,EBao,JAVONTE WILLIAMS,7588,RB,0,Did Not Play,0,2644
2024,14,EBao,CADE OTTON,8111,TE,17.0,Played,60.0,2824
2024,14,EBao,RACHAAD WHITE,8136,RB,38.8,Played,47.0,2786
2024,14,EBao,JAYLEN WARREN,8228,RB,16.4,Played,34.0,3098
2024,14,EBao,WILL LEVIS,9999,QB,17.400000000000002,Played,64.0,1849
2024,14,Halteclere,MIKE WILSON,10232,WR,19.4,Played,59.0,2196
2024,14,Halteclere,DALTON KINCAID,10236,TE,0,Did Not Play,0,3533
2024,14,Halteclere,IVAN PACE,11086,LB,0,Did Not Play,0,
2024,14,Halteclere,JONATHON BROOKS,11583,RB,-0.6000000000000001,Played,3.0,2902
2024,14,Halteclere,TREY BENSON,11589,RB,5.8,Played,10.0,3364
2024,14,Halteclere,JALEN MCMILLAN,11618,WR,28.8,Played,49.0,3098
2024,14,Halteclere,BRENDEN RICE,11621,WR,0,Did Not Play,0,1171
2024,14,Halteclere,ISAAC GUERENDO,11651,RB,42.6,Played,34.0,2739
2024,14,Halteclere,DEVAUGHN VELE,11834,WR,0,Did Not Play,0,1633
2024,14,Halteclere,JK DOBBINS,6806,RB,0,Did Not Play,0,2422
2024,14,Halteclere,LOGAN WILSON,6880,LB,0,Did Not Play,0,
2024,14,Halteclere,ZACH WILSON,7538,QB,0,Did Not Play,0,1481
2024,14,Halteclere,JAHAN DOTSON,8119,WR,2.0,Played,24.0,1685
2024,14,Halteclere,TYJAE SPEARS,9508,RB,5.6000000000000005,Played,24.0,2872
2024,14,androooooo,MIKE MAYER,9482,TE,20.6,Played,54.0,2264
2024,14,androooooo,BRANDON AIYUK,6803,WR,0,Did Not Play,0,4220
2024,14,androooooo,JOSH DOWNS,9500,WR,0,Did Not Play,0,3805
2024,14,androooooo,CHRIS OLAVE,8144,WR,0,Did Not Play,0,4647
2024,14,androooooo,CAM AKERS,6938,RB,7.4,Played,19.0,1299
2024,14,androooooo,KEON COLEMAN,11637,WR,0,Did Not Play,0,3696
2024,14,androooooo,MARSHAWN LLOYD,11581,RB,0,Did Not Play,0,2379
2024,14,androooooo,BROCK PURDY,8183,QB,49.7,Played,57.0,5520
2024,14,androooooo,TROY FRANKLIN,11627,WR,0,Did Not Play,0,2430
2024,14,androooooo,RASHID SHAHEED,8676,WR,0,Did Not Play,0,2903
2024,14,androooooo,SINCERE MCCORMICK,8220,RB,19.8,Played,41.0,1280
2024,14,androooooo,ANDREI IOSIVAS,10226,WR,12.200000000000001,Played,48.0,2093
2024,14,androooooo,KEATON MITCHELL,9511,RB,0,Did Not Play,0,2041
2024,14,androooooo,AUSTIN EKELER,4663,RB,0,Did Not Play,0,1926
2024,14,androooooo,JAKE HAENER,10215,QB,-0.2,Played,5.0,531
2024,14,androooooo,MASON TIPTON,11895,WR,0,Did Not Play,0,931
2024,14,androooooo,JALEN TOLBERT,8117,WR,0,Played,39.0,1665
2024,14,androooooo,CHRIS GODWIN,4037,WR,0,Did Not Play,0,3938
2024,14,androooooo,JACOB COWING,11616,WR,1.0,Played,3.0,1388
2024,14,ShadyCommish88,CADE STOVER,11599,TE,0,Did Not Play,0,1530
2024,14,ShadyCommish88,RAY DAVIS,11575,RB,0,Played,13.0,2644
2024,14,ShadyCommish88,EDGERRIN COOPER,11687,LB,0,Did Not Play,0,
2024,14,ShadyCommish88,JALEN COKER,11646,WR,0,Did Not Play,0,2719
2024,14,ShadyCommish88,CEDRIC TILLMAN,10444,WR,0,Did Not Play,0,2695
2024,14,ShadyCommish88,TREY LANCE,7610,QB,0,Did Not Play,0,970
2024,14,ShadyCommish88,AIDAN OCONNELL,10866,QB,9.600000000000001,Played,44.0,1373
2024,14,ShadyCommish88,TOMMY DEVITO,11292,QB,0,Played,1.0,670
2024,14,ShadyCommish88,MIKE PENIX,11559,QB,0,Did Not Play,0,5398
2024,14,ShadyCommish88,TRE TUCKER,10213,WR,3.4000000000000004,Played,59.0,1847
2024,14,ShadyCommish88,BRAELON ALLEN,11576,RB,20.2,Played,37.0,3010
2024,14,ShadyCommish88,TUCKER KRAFT,9484,TE,17.200000000000003,Played,44.0,3374
2024,14,ShadyCommish88,JORDAN MASON,8408,RB,0,Did Not Play,0,2855
2024,14,ShadyCommish88,BRYCE YOUNG,9228,QB,26.900000000000002,Played,71.0,4896
2024,14,ShadyCommish88,DONTAYVION WICKS,9486,WR,13.8,Played,39.0,2547
2024,14,ShadyCommish88,JORDAN TRAVIS,11567,QB,0,Did Not Play,0,1085
2024,14,ShadyCommish88,ERICK ALL,11592,TE,0,Did Not Play,0,1717
2024,14,ShadyCommish88,JAKE BROWNING,6111,QB,0,Did Not Play,0,936
2024,14,ShadyCommish88,MALIK WASHINGTON,11610,WR,0,Played,30.0,1859
2024,14,emanueljd3,AUDRIC ESTIME,11579,RB,0,Did Not Play,0,2235
2024,14,emanueljd3,JATAVION SANDERS,11600,TE,0,Played,35.0,2616
2024,14,emanueljd3,JAVON BAKER,11645,WR,0,Did Not Play,0,1672
2024,14,emanueljd3,KIRK COUSINS,1166,QB,29.4,Played,74.0,2265
2024,14,emanueljd3,TYREEK HILL,3321,WR,43.2,Played,70.0,3968
2024,14,emanueljd3,COURTLAND SUTTON,5045,WR,0,Did Not Play,0,3437
2024,14,emanueljd3,MARQUEZ VALDES SCANTLING,5086,WR,14.200000000000001,Played,48.0,998
2024,14,emanueljd3,TRAVIS ETIENNE,7543,RB,18.0,Played,28.0,3168
2024,14,emanueljd3,RHAMONDRE STEVENSON,7611,RB,0,Did Not Play,0,2688
2024,14,emanueljd3,JAKE FERGUSON,8110,TE,9.4,Played,46.0,2840
2024,14,emanueljd3,JAMESON WILLIAMS,8148,WR,21.0,Played,55.0,4551
2024,14,emanueljd3,QUENTIN LAKE,8330,DB,0,Did Not Play,0,
2024,14,emanueljd3,ZAY FLOWERS,9997,WR,0,Did Not Play,0,4775
2024,14,lamjohnson56,AJ DILLON,6828,RB,0,Did Not Play,0,1187
2024,14,lamjohnson56,MAC JONES,7527,QB,14.6,Played,59.0,1543
2024,14,lamjohnson56,LUKE SCHOONMAKER,10871,TE,6.4,Played,23.0,1697
2024,14,lamjohnson56,SAM HOWELL,8162,QB,0,Did Not Play,0,1682
2024,14,lamjohnson56,WILL DISSLY,5010,TE,5.800000000000001,Played,24.0,1268
2024,14,lamjohnson56,ADONAI MITCHELL,11625,WR,0,Did Not Play,0,2787
2024,14,lamjohnson56,SPENCER RATTLER,11562,QB,0,Did Not Play,0,1875
2024,14,lamjohnson56,ROMEO DOUBS,8121,WR,0,Did Not Play,0,2679
2024,14,lamjohnson56,JOSH PALMER,7670,WR,21.6,Played,52.0,2176
2024,14,lamjohnson56,DAVID MOORE,4274,WR,8.0,Played,62.0,
2024,14,lamjohnson56,KEN GAINWELL,7567,RB,8.6,Played,14.0,1563
2024,14,lamjohnson56,JARED WILEY,11595,TE,0,Did Not Play,0,1102
2024,14,lamjohnson56,DEVONTA SMITH,7525,WR,17.4,Played,52.0,5268
2024,14,lamjohnson56,RASHEE RICE,10229,WR,0,Did Not Play,0,5411
2024,14,lamjohnson56,DIONTAE JOHNSON,5937,WR,0,Did Not Play,0,1355
2024,14,lamjohnson56,BEN SINNOTT,11596,TE,0,Did Not Play,0,2647
2024,14,lamjohnson56,ALEXANDER MATTISON,5987,RB,0,Did Not Play,0,1336
2024,14,lamjohnson56,COOPER RUSH,4574,QB,27.3,Played,60.0,763
2024,14,Team 9,EMANUEL WILSON,11435,RB,1.4000000000000001,Played,3.0,1325
2024,14,Team 9,RASHEEN ALI,11570,RB,0,Did Not Play,0,1088
2024,14,Team 9,BLAKE CORUM,11586,RB,6.800000000000001,Played,13.0,2785
2024,14,Team 9,MALACHI CORLEY,11617,WR,0,Did Not Play,0,1632
2024,14,Team 9,LADD MCCONKEY,11635,WR,0,Did Not Play,0,6371
2024,14,Team 9,LUKE MCCAFFREY,11650,WR,0,Did Not Play,0,1949
2024,14,Team 9,BUB MEANS,11748,WR,0,Did Not Play,0,1261
2024,14,Team 9,DANIEL JONES,5870,QB,0,Did Not Play,0,2368
2024,14,Team 9,LILJORDAN HUMPHREY,5938,WR,0,Did Not Play,0,733
2024,14,Team 9,ELIJAH MITCHELL,7561,RB,0,Did Not Play,0,1689
2024,14,Team 9,RONDALE MOORE,7601,WR,0,Did Not Play,0,1512
2024,14,Team 9,BO MELTON,8204,WR,0,Played,9.0,1085
2024,14,Team 9,TYLER BADIE,8208,RB,0,Did Not Play,0,908
2024,14,Team 9,PARKER WASHINGTON,9487,WR,6.0,Played,44.0,1892
2024,14,Team 9,MARVIN MIMS,9494,WR,0,Did Not Play,0,2739
2024,14,Team 9,SEAN TUCKER,9506,RB,9.4,Played,11.0,1985
2024,14,Team 9,HENDON HOOKER,9998,QB,0,Did Not Play,0,1136
2024,14,connerstafford11,ROSCHON JOHNSON,10235,RB,0,Did Not Play,0,1890
2024,14,connerstafford11,RICKY PEARSALL,11638,WR,2.0,Played,30.0,4079
2024,14,connerstafford11,JAYLEN WRIGHT,11643,RB,4.6000000000000005,Played,14.0,2675
2024,14,connerstafford11,KIMANI VIDAL,11647,RB,6.800000000000001,Played,32.0,1694
2024,14,connerstafford11,RAHEEM MOSTERT,2749,RB,0,Did Not Play,0,1056
2024,14,connerstafford11,DEMARCUS ROBINSON,3286,WR,0,Played,47.0,1127
2024,14,connerstafford11,JOE MIXON,4018,RB,0,Did Not Play,0,3831
2024,14,connerstafford11,TAYSOM HILL,4381,TE,0,Did Not Play,0,1364
2024,14,connerstafford11,CHRISTIAN KIRK,4950,WR,0,Did Not Play,0,2796
2024,14,connerstafford11,DALLAS GOEDERT,5022,TE,0,Did Not Play,0,2625
2024,14,connerstafford11,ALLEN LAZARD,5185,WR,4.6,Played,53.0,924
2024,14,connerstafford11,HOLLYWOOD BROWN,5848,WR,0,Did Not Play,0,
2024,14,connerstafford11,JUSTICE HILL,5995,RB,0,Did Not Play,0,1562
2024,14,connerstafford11,GARDNER MINSHEW,6011,QB,0,Did Not Play,0,1163
2024,14,connerstafford11,JONATHAN TAYLOR,6813,RB,0,Did Not Play,0,5503
2024,14,connerstafford11,GABRIEL DAVIS,6943,WR,0,Did Not Play,0,1820
2024,14,connerstafford11,TANK BIGSBY,9225,RB,20.4,Played,31.0,2951
2024,15,tmjones212,JJ MCCARTHY,11565,QB,0,Did Not Play,0,5493
2024,15,tmjones212,WILL SHIPLEY,11577,RB,0,Played,0,1759
2024,15,tmjones212,BUCKY IRVING,11584,RB,27.6,Played,32.0,5640
2024,15,tmjones212,XAVIER WORTHY,11624,WR,27.200000000000003,Played,61.0,4790
2024,15,tmjones212,XAVIER LEGETTE,11626,WR,3.8000000000000003,Played,23.0,2941
2024,15,tmjones212,DESHAUN WATSON,4017,QB,0,Did Not Play,0,927
2024,15,tmjones212,BOBBY OKEREKE,5944,LB,0,Did Not Play,0,
2024,15,tmjones212,DARNELL MOONEY,7090,WR,0,Played,53.0,2808
2024,15,tmjones212,JUSTIN FIELDS,7591,QB,1.6,Played,1.0,3952
2024,15,tmjones212,PAT FREIERMUTH,7600,TE,13.4,Played,30.0,2807
2024,15,tmjones212,WANDALE ROBINSON,8126,WR,11.600000000000001,Played,52.0,2532
2024,15,tmjones212,KHALIL SHAKIR,8134,WR,19.8,Played,41.0,3726
2024,15,tmjones212,TREYLON BURKS,8135,WR,0,Did Not Play,0,1419
2024,15,tmjones212,CHRISTIAN WATSON,8167,WR,14.200000000000001,Played,50.0,2660
2024,15,tmjones212,KENDRE MILLER,9757,RB,9.200000000000001,Played,26.0,2320
2024,15,BaoDown,DRAKE MAYE,11564,QB,31.000000000000004,Played,51.0,6760
2024,15,BaoDown,THEO JOHNSON,11597,TE,0,Did Not Play,0,2179
2024,15,BaoDown,ROMAN WILSON,11630,WR,0,Did Not Play,0,1982
2024,15,BaoDown,WILL REICHARD,11792,K,0,Did Not Play,0,
2024,15,BaoDown,DEANDRE HOPKINS,1426,WR,12.2,Played,34.0,1786
2024,15,BaoDown,DEREK CARR,2028,QB,0,Did Not Play,0,2177
2024,15,BaoDown,TYLER LOCKETT,2374,WR,5.4,Played,45.0,1147
2024,15,BaoDown,STEFON DIGGS,2449,WR,0,Did Not Play,0,2808
2024,15,BaoDown,MATTHEW STAFFORD,421,QB,19.6,Played,65.0,3093
2024,15,BaoDown,ZACK MOSS,6845,RB,0,Did Not Play,0,1685
2024,15,BaoDown,ANTOINE WINFIELD,6888,DB,0,Did Not Play,0,
2024,15,BaoDown,JUWAN JOHNSON,7002,TE,4.4,Played,40.0,1764
2024,15,BaoDown,PAULSON ADEBO,7669,CB,0,Did Not Play,0,
2024,15,BaoDown,ISAIAH LIKELY,8131,TE,5.4,Played,39.0,3392
2024,15,BaoDown,BREECE HALL,8155,RB,18.2,Played,28.0,5578
2024,15,BaoDown,QUAY WALKER,8266,LB,0,Did Not Play,0,
2024,15,BaoDown,JAQUAN BRISKER,8323,DB,0,Did Not Play,0,
2024,15,BaoDown,AARON RODGERS,96,QB,57.900000000000006,Played,58.0,1658
2024,15,EBao,CHRIS BROOKS,11370,RB,4.0,Played,16.0,728
2024,15,EBao,BO NIX,11563,QB,23.6,Played,63.0,6532
2024,15,EBao,JALYNN POLK,11619,WR,0,Played,20.0,2066
2024,15,EBao,JERMAINE BURTON,11640,WR,0,Played,3.0,1623
2024,15,EBao,DAK PRESCOTT,3294,QB,0,Did Not Play,0,4711
2024,15,EBao,CHRISTIAN MCCAFFREY,4034,RB,0,Did Not Play,0,4745
2024,15,EBao,KAREEM HUNT,4098,RB,10.8,Played,28.0,1725
2024,15,EBao,TRAVIS HOMER,6012,RB,2.4000000000000004,Played,17.0,551
2024,15,EBao,MIKE PITTMAN,6819,WR,13.600000000000001,Played,73.0,3446
2024,15,EBao,TREVOR LAWRENCE,7523,QB,0,Did Not Play,0,5590
2024,15,EBao,KYLE PITTS,7553,TE,9.600000000000001,Played,23.0,3387
2024,15,EBao,NICO COLLINS,7569,WR,19.4,Played,41.0,6577
2024,15,EBao,JAVONTE WILLIAMS,7588,RB,6.6,Played,34.0,2644
2024,15,EBao,KEN WALKER,8151,RB,0,Did Not Play,0,4790
2024,15,EBao,NICK CROSS,8392,DB,0,Did Not Play,0,
2024,15,EBao,TANK BIGSBY,9225,RB,8.4,Played,22.0,2951
2024,15,EBao,ISRAEL ABANIKANDA,9227,RB,0,Did Not Play,0,1240
2024,15,Halteclere,MIKE WILSON,10232,WR,3.8,Played,52.0,2196
2024,15,Halteclere,DALTON KINCAID,10236,TE,14.600000000000001,Played,34.0,3533
2024,15,Halteclere,IVAN PACE,11086,LB,0,Did Not Play,0,
2024,15,Halteclere,JONATHON BROOKS,11583,RB,0,Did Not Play,0,2902
2024,15,Halteclere,TREY BENSON,11589,RB,4.4,Played,11.0,3364
2024,15,Halteclere,JALEN MCMILLAN,11618,WR,26.0,Played,46.0,3098
2024,15,Halteclere,BRENDEN RICE,11621,WR,0,Did Not Play,0,1171
2024,15,Halteclere,DEVAUGHN VELE,11834,WR,0,Played,38.0,1633
2024,15,Halteclere,JK DOBBINS,6806,RB,0,Did Not Play,0,2422
2024,15,Halteclere,LOGAN WILSON,6880,LB,0,Did Not Play,0,
2024,15,Halteclere,ZACH WILSON,7538,QB,0,Did Not Play,0,1481
2024,15,Halteclere,JAHAN DOTSON,8119,WR,0,Played,36.0,1685
2024,15,Halteclere,KAYSHON BOUTTE,9504,WR,5.800000000000001,Played,45.0,2106
2024,15,Halteclere,TYJAE SPEARS,9508,RB,36.400000000000006,Played,39.0,2872
2024,15,androooooo,JAKE HAENER,10215,QB,2.3000000000000007,Played,21.0,531
2024,15,androooooo,CALEB WILLIAMS,11560,QB,21.700000000000003,Played,64.0,6758
2024,15,androooooo,MARSHAWN LLOYD,11581,RB,0,Did Not Play,0,2379
2024,15,androooooo,JACOB COWING,11616,WR,0,Played,4.0,1388
2024,15,androooooo,TROY FRANKLIN,11627,WR,3.8,Played,29.0,2430
2024,15,androooooo,CHRIS GODWIN,4037,WR,0,Did Not Play,0,3938
2024,15,androooooo,AUSTIN EKELER,4663,RB,0,Did Not Play,0,1926
2024,15,androooooo,DARIUS SLAYTON,6149,WR,4.2,Played,46.0,1688
2024,15,androooooo,BRANDON AIYUK,6803,WR,0,Did Not Play,0,4220
2024,15,androooooo,CAM AKERS,6938,RB,10.8,Played,21.0,1299
2024,15,androooooo,JALEN TOLBERT,8117,WR,9.2,Played,36.0,1665
2024,15,androooooo,CHRIS OLAVE,8144,WR,0,Did Not Play,0,4647
2024,15,androooooo,JOHN METCHIE,8147,WR,5.4,Played,21.0,1706
2024,15,androooooo,MIKE WOODS,8202,WR,3.4000000000000004,Played,62.0,
2024,15,androooooo,RASHID SHAHEED,8676,WR,0,Did Not Play,0,2903
2024,15,androooooo,JOSH DOWNS,9500,WR,10.4,Played,58.0,3805
2024,15,androooooo,KEATON MITCHELL,9511,RB,0,Did Not Play,0,2041
2024,15,ShadyCommish88,TRE TUCKER,10213,WR,5.6,Played,64.0,1847
2024,15,ShadyCommish88,AIDAN OCONNELL,10866,QB,0,Did Not Play,0,1373
2024,15,ShadyCommish88,MIKE PENIX,11559,QB,0,Did Not Play,0,5398
2024,15,ShadyCommish88,JORDAN TRAVIS,11567,QB,0,Did Not Play,0,1085
2024,15,ShadyCommish88,ISAIAH DAVIS,11571,RB,6.200000000000001,Played,24.0,1805
2024,15,ShadyCommish88,RAY DAVIS,11575,RB,13.8,Played,18.0,2644
2024,15,ShadyCommish88,BRAELON ALLEN,11576,RB,1.0,Played,10.0,3010
2024,15,ShadyCommish88,MALIK WASHINGTON,11610,WR,15.4,Played,40.0,1859
2024,15,ShadyCommish88,JALEN COKER,11646,WR,35.0,Played,48.0,2719
2024,15,ShadyCommish88,CHRISTIAN KIRK,4950,WR,0,Did Not Play,0,2796
2024,15,ShadyCommish88,EVAN MCPHERSON,7839,K,0,Did Not Play,0,
2024,15,ShadyCommish88,JELANI WOODS,8219,TE,0,Did Not Play,0,1013
2024,15,ShadyCommish88,JORDAN MASON,8408,RB,0,Did Not Play,0,2855
2024,15,ShadyCommish88,BRYCE YOUNG,9228,QB,21.300000000000004,Played,55.0,4896
2024,15,ShadyCommish88,TUCKER KRAFT,9484,TE,8.8,Played,57.0,3374
2024,15,ShadyCommish88,DONTAYVION WICKS,9486,WR,4.800000000000001,Played,30.0,2547
2024,15,ShadyCommish88,DEMARIO DOUGLAS,9501,WR,12.2,Played,31.0,2398
2024,15,emanueljd3,AUDRIC ESTIME,11579,RB,4.6,Played,13.0,2235
2024,15,emanueljd3,JATAVION SANDERS,11600,TE,0,Played,27.0,2616
2024,15,emanueljd3,JAVON BAKER,11645,WR,0,Did Not Play,0,1672
2024,15,emanueljd3,KIRK COUSINS,1166,QB,13.200000000000001,Played,58.0,2265
2024,15,emanueljd3,COURTLAND SUTTON,5045,WR,16.4,Played,57.0,3437
2024,15,emanueljd3,MARQUEZ VALDES SCANTLING,5086,WR,15.600000000000001,Played,43.0,998
2024,15,emanueljd3,EJ SPEED,6218,LB,0,Did Not Play,0,
2024,15,emanueljd3,TRAVIS ETIENNE,7543,RB,21.0,Played,61.0,3168
2024,15,emanueljd3,RHAMONDRE STEVENSON,7611,RB,18.0,Played,33.0,2688
2024,15,emanueljd3,JAKE FERGUSON,8110,TE,6.6000000000000005,Played,44.0,2840
2024,15,emanueljd3,JAMES COOK,8138,RB,42.6,Played,29.0,4860
2024,15,emanueljd3,JAMESON WILLIAMS,8148,WR,16.4,Played,69.0,4551
2024,15,emanueljd3,ZAY FLOWERS,9997,WR,16.6,Played,48.0,4775
2024,15,lamjohnson56,AJ DILLON,6828,RB,0,Did Not Play,0,1187
2024,15,lamjohnson56,MAC JONES,7527,QB,39.2,Played,84.0,1543
2024,15,lamjohnson56,LUKE SCHOONMAKER,10871,TE,0,Played,28.0,1697
2024,15,lamjohnson56,SAM HOWELL,8162,QB,-0.19999999999999962,Played,24.0,1682
2024,15,lamjohnson56,ADONAI MITCHELL,11625,WR,-6.0,Played,37.0,2787
2024,15,lamjohnson56,SPENCER RATTLER,11562,QB,19.5,Played,34.0,1875
2024,15,lamjohnson56,ROMEO DOUBS,8121,WR,23.0,Played,48.0,2679
2024,15,lamjohnson56,JORDYN BROOKS,6949,LB,0,Did Not Play,0,
2024,15,lamjohnson56,JARED WILEY,11595,TE,0,Did Not Play,0,1102
2024,15,lamjohnson56,TREY LANCE,7610,QB,0,Did Not Play,0,970
2024,15,lamjohnson56,RASHEE RICE,10229,WR,0,Did Not Play,0,5411
2024,15,lamjohnson56,CHRIS RODRIGUEZ,10219,RB,0.4,Played,3.0,1191
2024,15,lamjohnson56,ALEC PIERCE,8142,WR,1.0,Played,35.0,2353
2024,15,lamjohnson56,DIONTAE JOHNSON,5937,WR,0,Did Not Play,0,1355
2024,15,lamjohnson56,BEN SINNOTT,11596,TE,2.4000000000000004,Played,42.0,2647
2024,15,lamjohnson56,ALEXANDER MATTISON,5987,RB,2.8000000000000003,Played,22.0,1336
2024,15,lamjohnson56,ZACH ERTZ,1339,TE,7.0,Played,18.0,1836
2024,15,lamjohnson56,COOPER RUSH,4574,QB,36.400000000000006,Played,73.0,763
2024,15,Team 9,EMANUEL WILSON,11435,RB,1.8,Played,6.0,1325
2024,15,Team 9,JALEEL MCLAUGHLIN,11439,RB,9.8,Played,15.0,1964
2024,15,Team 9,RASHEEN ALI,11570,RB,6.4,Played,10.0,1088
2024,15,Team 9,MALACHI CORLEY,11617,WR,0,Did Not Play,0,1632
2024,15,Team 9,LADD MCCONKEY,11635,WR,22.6,Played,46.0,6371
2024,15,Team 9,LUKE MCCAFFREY,11650,WR,1.0,Played,12.0,1949
2024,15,Team 9,BUB MEANS,11748,WR,0,Did Not Play,0,1261
2024,15,Team 9,DANIEL JONES,5870,QB,0,Did Not Play,0,2368
2024,15,Team 9,LILJORDAN HUMPHREY,5938,WR,1.0,Played,21.0,733
2024,15,Team 9,ELIJAH MITCHELL,7561,RB,0,Did Not Play,0,1689
2024,15,Team 9,RONDALE MOORE,7601,WR,0,Did Not Play,0,1512
2024,15,Team 9,BO MELTON,8204,WR,0,Played,2.0,1085
2024,15,Team 9,TYLER BADIE,8208,RB,0,Did Not Play,0,908
2024,15,Team 9,MARVIN MIMS,9494,WR,8.0,Played,16.0,2739
2024,15,Team 9,SEAN TUCKER,9506,RB,3.4000000000000004,Played,8.0,1985
2024,15,Team 9,CJ STROUD,9758,QB,21.900000000000002,Played,50.0,6677
2024,15,Team 9,HENDON HOOKER,9998,QB,0,Did Not Play,0,1136
2024,15,connerstafford11,JAYLEN WRIGHT,11643,RB,0.6000000000000001,Played,3.0,2675
2024,15,connerstafford11,ROSCHON JOHNSON,10235,RB,0,Did Not Play,0,1890
2024,15,connerstafford11,RAY RAY MCCLOUD,5096,WR,3.8000000000000003,Played,24.0,1260
2024,15,connerstafford11,JONNU SMITH,4144,TE,24.6,Played,45.0,2789
2024,15,connerstafford11,GARDNER MINSHEW,6011,QB,0,Did Not Play,0,1163
2024,15,connerstafford11,GABRIEL DAVIS,6943,WR,0,Did Not Play,0,1820
2024,15,connerstafford11,TAYSOM HILL,4381,TE,0,Did Not Play,0,1364
2024,15,connerstafford11,HOLLYWOOD BROWN,5848,WR,0,Did Not Play,0,
2024,15,connerstafford11,RAHEEM MOSTERT,2749,RB,7.199999999999999,Played,26.0,1056
2024,15,connerstafford11,DALLAS GOEDERT,5022,TE,0,Did Not Play,0,2625
2024,15,connerstafford11,RICKY PEARSALL,11638,WR,4.2,Played,30.0,4079
2024,15,connerstafford11,NICK CHUBB,4988,RB,5.200000000000001,Played,21.0,1947
2024,15,connerstafford11,DEMARCUS ROBINSON,3286,WR,0,Played,51.0,1127
2024,15,connerstafford11,ALLEN LAZARD,5185,WR,0,Played,46.0,924
2024,15,connerstafford11,NICK WESTBROOK IKHINE,7496,WR,4.8,Played,64.0,1422
2024,15,connerstafford11,KIMANI VIDAL,11647,RB,6.4,Played,35.0,1694
2024,15,connerstafford11,JUSTICE HILL,5995,RB,24.6,Played,22.0,1562
2024,15,connerstafford11,NOAH GRAY,7828,TE,12.2,Played,41.0,2229
2024,16,tmjones212,JJ MCCARTHY,11565,QB,0,Did Not Play,0,5493
2024,16,tmjones212,BRAELON ALLEN,11576,RB,3.0,Played,10.0,3010
2024,16,tmjones212,WILL SHIPLEY,11577,RB,0,Played,0,1759
2024,16,tmjones212,XAVIER WORTHY,11624,WR,28.0,Played,59.0,4790
2024,16,tmjones212,XAVIER LEGETTE,11626,WR,0,Did Not Play,0,2941
2024,16,tmjones212,JAMEIS WINSTON,2306,QB,0,Did Not Play,0,1940
2024,16,tmjones212,DESHAUN WATSON,4017,QB,0,Did Not Play,0,927
2024,16,tmjones212,COLE KMET,6826,TE,9.8,Played,57.0,2411
2024,16,tmjones212,DARNELL MOONEY,7090,WR,21.400000000000002,Played,60.0,2808
2024,16,tmjones212,JUSTIN FIELDS,7591,QB,0,Did Not Play,0,3952
2024,16,tmjones212,KHALIL SHAKIR,8134,WR,6.4,Played,44.0,3726
2024,16,tmjones212,TREYLON BURKS,8135,WR,0,Did Not Play,0,1419
2024,16,tmjones212,CHRISTIAN WATSON,8167,WR,4.6000000000000005,Played,30.0,2660
2024,16,tmjones212,ZACH CHARBONNET,9753,RB,4.6000000000000005,Played,14.0,3434
2024,16,BaoDown,DRAKE MAYE,11564,QB,36.1,Played,73.0,6760
2024,16,BaoDown,RAY DAVIS,11575,RB,6.800000000000001,Played,14.0,2644
2024,16,BaoDown,THEO JOHNSON,11597,TE,0,Did Not Play,0,2179
2024,16,BaoDown,DEANDRE HOPKINS,1426,WR,11.4,Played,36.0,1786
2024,16,BaoDown,DEREK CARR,2028,QB,0,Did Not Play,0,2177
2024,16,BaoDown,AMEER ABDULLAH,2359,RB,28.0,Played,32.0,
2024,16,BaoDown,TYLER LOCKETT,2374,WR,5.800000000000001,Played,44.0,1147
2024,16,BaoDown,STEFON DIGGS,2449,WR,0,Did Not Play,0,2808
2024,16,BaoDown,ALVIN KAMARA,4035,RB,0,Did Not Play,0,3584
2024,16,BaoDown,MATTHEW STAFFORD,421,QB,12.2,Played,52.0,3093
2024,16,BaoDown,HARRISON BUTKER,4227,K,0,Did Not Play,0,
2024,16,BaoDown,ZACK MOSS,6845,RB,0,Did Not Play,0,1685
2024,16,BaoDown,ANTOINE WINFIELD,6888,DB,0,Did Not Play,0,
2024,16,BaoDown,ISAIAH LIKELY,8131,TE,14.8,Played,41.0,3392
2024,16,BaoDown,JAQUAN BRISKER,8323,DB,0,Did Not Play,0,
2024,16,BaoDown,STONE SMARTT,8583,TE,10.4,Played,39.0,1031
2024,16,EBao,AIDAN OCONNELL,10866,QB,28.1,Played,74.0,1373
2024,16,EBao,CHRIS BROOKS,11370,RB,12.000000000000002,Played,22.0,728
2024,16,EBao,JALYNN POLK,11619,WR,0,Played,3.0,2066
2024,16,EBao,JERMAINE BURTON,11640,WR,0,Played,6.0,1623
2024,16,EBao,DAK PRESCOTT,3294,QB,0,Did Not Play,0,4711
2024,16,EBao,CHRISTIAN MCCAFFREY,4034,RB,0,Did Not Play,0,4745
2024,16,EBao,KAREEM HUNT,4098,RB,23.8,Played,32.0,1725
2024,16,EBao,DRE GREENLAW,6056,LB,0,Did Not Play,0,
2024,16,EBao,MIKE PITTMAN,6819,WR,5.800000000000001,Played,61.0,3446
2024,16,EBao,TREVOR LAWRENCE,7523,QB,0,Did Not Play,0,5590
2024,16,EBao,KYLE PITTS,7553,TE,2.4000000000000004,Played,30.0,3387
2024,16,EBao,JAVONTE WILLIAMS,7588,RB,17.6,Played,33.0,2644
2024,16,EBao,CADE OTTON,8111,TE,0,Did Not Play,0,2824
2024,16,EBao,JAYLEN WARREN,8228,RB,23.400000000000002,Played,40.0,3098
2024,16,EBao,BRENTON STRANGE,9480,TE,2.4000000000000004,Played,34.0,2766
2024,16,EBao,WILL LEVIS,9999,QB,0,Did Not Play,0,1849
2024,16,Halteclere,MIKE WILSON,10232,WR,10.8,Played,40.0,2196
2024,16,Halteclere,IVAN PACE,11086,LB,0,Did Not Play,0,
2024,16,Halteclere,JONATHON BROOKS,11583,RB,0,Did Not Play,0,2902
2024,16,Halteclere,TREY BENSON,11589,RB,0,Did Not Play,0,3364
2024,16,Halteclere,BRENDEN RICE,11621,WR,0,Did Not Play,0,1171
2024,16,Halteclere,ISAAC GUERENDO,11651,RB,0,Did Not Play,0,2739
2024,16,Halteclere,EVAN ENGRAM,4066,TE,0,Did Not Play,0,2895
2024,16,Halteclere,JK DOBBINS,6806,RB,0,Did Not Play,0,2422
2024,16,Halteclere,LOGAN WILSON,6880,LB,0,Did Not Play,0,
2024,16,Halteclere,ZACH WILSON,7538,QB,0,Did Not Play,0,1481
2024,16,Halteclere,JAHAN DOTSON,8119,WR,0,Played,47.0,1685
2024,16,Halteclere,KAYSHON BOUTTE,9504,WR,30.0,Played,64.0,2106
2024,16,Halteclere,TYJAE SPEARS,9508,RB,29.2,Played,37.0,2872
2024,16,androooooo,CALEB WILLIAMS,11560,QB,51.2,Played,64.0,6758
2024,16,androooooo,MIKE MAYER,9482,TE,0,Played,45.0,2264
2024,16,androooooo,BRANDON AIYUK,6803,WR,0,Did Not Play,0,4220
2024,16,androooooo,CHRIS OLAVE,8144,WR,0,Did Not Play,0,4647
2024,16,androooooo,CAM AKERS,6938,RB,0.6000000000000001,Played,7.0,1299
2024,16,androooooo,SIONE VAKI,11729,RB,6.0,Played,5.0,969
2024,16,androooooo,MARSHAWN LLOYD,11581,RB,0,Did Not Play,0,2379
2024,16,androooooo,TROY FRANKLIN,11627,WR,7.0,Played,26.0,2430
2024,16,androooooo,RASHID SHAHEED,8676,WR,0,Did Not Play,0,2903
2024,16,androooooo,SINCERE MCCORMICK,8220,RB,0,Did Not Play,0,1280
2024,16,androooooo,ANDREI IOSIVAS,10226,WR,19.6,Played,38.0,2093
2024,16,androooooo,KEATON MITCHELL,9511,RB,0,Did Not Play,0,2041
2024,16,androooooo,AUSTIN EKELER,4663,RB,0,Did Not Play,0,1926
2024,16,androooooo,JAKE HAENER,10215,QB,0,Did Not Play,0,531
2024,16,androooooo,JALEN TOLBERT,8117,WR,12.0,Played,17.0,1665
2024,16,androooooo,CHRIS GODWIN,4037,WR,0,Did Not Play,0,3938
2024,16,androooooo,ISAIAH DAVIS,11571,RB,2.4000000000000004,Played,10.0,1805
2024,16,androooooo,JACOB COWING,11616,WR,0,Played,10.0,1388
2024,16,ShadyCommish88,EDGERRIN COOPER,11687,LB,0,Did Not Play,0,
2024,16,ShadyCommish88,DEVAUGHN VELE,11834,WR,12.2,Played,36.0,1633
2024,16,ShadyCommish88,WANDALE ROBINSON,8126,WR,19.4,Played,55.0,2532
2024,16,ShadyCommish88,JALEN COKER,11646,WR,3.6,Played,56.0,2719
2024,16,ShadyCommish88,CHRISTIAN KIRK,4950,WR,0,Did Not Play,0,2796
2024,16,ShadyCommish88,JELANI WOODS,8219,TE,0,Did Not Play,0,1013
2024,16,ShadyCommish88,MIKE PENIX,11559,QB,16.800000000000004,Played,67.0,5398
2024,16,ShadyCommish88,TRE TUCKER,10213,WR,8.600000000000001,Played,68.0,1847
2024,16,ShadyCommish88,TUCKER KRAFT,9484,TE,16.0,Played,43.0,3374
2024,16,ShadyCommish88,ROMAN WILSON,11630,WR,0,Did Not Play,0,1982
2024,16,ShadyCommish88,JORDAN MASON,8408,RB,0,Did Not Play,0,2855
2024,16,ShadyCommish88,BRYCE YOUNG,9228,QB,47.4,Played,68.0,4896
2024,16,ShadyCommish88,DORIAN THOMPSON ROBINSON,10862,QB,17.5,Played,66.0,946
2024,16,ShadyCommish88,AARON RODGERS,96,QB,28.8,Played,69.0,1658
2024,16,ShadyCommish88,DONTAYVION WICKS,9486,WR,11.6,Played,42.0,2547
2024,16,ShadyCommish88,JORDAN TRAVIS,11567,QB,0,Did Not Play,0,1085
2024,16,ShadyCommish88,EVAN MCPHERSON,7839,K,0,Did Not Play,0,
2024,16,ShadyCommish88,KJ OSBORN,7066,WR,0,Did Not Play,0,997
2024,16,ShadyCommish88,MALIK WASHINGTON,11610,WR,8.600000000000001,Played,58.0,1859
2024,16,emanueljd3,DEMARIO DAVIS,1052,LB,0,Did Not Play,0,
2024,16,emanueljd3,AUDRIC ESTIME,11579,RB,15.600000000000001,Played,13.0,2235
2024,16,emanueljd3,JATAVION SANDERS,11600,TE,0,Played,39.0,2616
2024,16,emanueljd3,JAVON BAKER,11645,WR,0,Played,8.0,1672
2024,16,emanueljd3,KIRK COUSINS,1166,QB,0,Did Not Play,0,2265
2024,16,emanueljd3,DERRICK HENRY,3198,RB,42.8,Played,46.0,4330
2024,16,emanueljd3,MARQUEZ VALDES SCANTLING,5086,WR,0,Did Not Play,0,998
2024,16,emanueljd3,DAVID MONTGOMERY,5892,RB,0,Did Not Play,0,3860
2024,16,emanueljd3,EJ SPEED,6218,LB,0,Did Not Play,0,
2024,16,emanueljd3,AKEEM DAVIS GAITHER,6860,LB,0,Did Not Play,0,
2024,16,emanueljd3,BRANDON JONES,6911,DB,0,Did Not Play,0,
2024,16,emanueljd3,TRAVIS ETIENNE,7543,RB,9.4,Played,35.0,3168
2024,16,emanueljd3,RHAMONDRE STEVENSON,7611,RB,17.6,Played,32.0,2688
2024,16,emanueljd3,JAKE FERGUSON,8110,TE,14.0,Played,35.0,2840
2024,16,emanueljd3,JAMESON WILLIAMS,8148,WR,44.0,Played,54.0,4551
2024,16,emanueljd3,ZAY FLOWERS,9997,WR,28.6,Played,54.0,4775
2024,16,lamjohnson56,RASHEE RICE,10229,WR,0,Did Not Play,0,5411
2024,16,lamjohnson56,LUKE SCHOONMAKER,10871,TE,1.6,Played,20.0,1697
2024,16,lamjohnson56,SPENCER RATTLER,11562,QB,12.900000000000002,Played,56.0,1875
2024,16,lamjohnson56,JARED WILEY,11595,TE,0,Did Not Play,0,1102
2024,16,lamjohnson56,BEN SINNOTT,11596,TE,0,Played,5.0,2647
2024,16,lamjohnson56,ADONAI MITCHELL,11625,WR,8.2,Played,55.0,2787
2024,16,lamjohnson56,ZACH ERTZ,1339,TE,3.4000000000000004,Played,48.0,1836
2024,16,lamjohnson56,GENO SMITH,1373,QB,46.00000000000001,Played,64.0,3456
2024,16,lamjohnson56,DIONTAE JOHNSON,5937,WR,0,Did Not Play,0,1355
2024,16,lamjohnson56,AJ DILLON,6828,RB,0,Did Not Play,0,1187
2024,16,lamjohnson56,JAYLEN WADDLE,7526,WR,0,Did Not Play,0,4627
2024,16,lamjohnson56,MAC JONES,7527,QB,30.700000000000003,Played,67.0,1543
2024,16,lamjohnson56,TREY LANCE,7610,QB,0,Did Not Play,0,970
2024,16,lamjohnson56,TYLER ALLGEIER,8132,RB,7.2,Played,18.0,2582
2024,16,lamjohnson56,ALEC PIERCE,8142,WR,0,Did Not Play,0,2353
2024,16,lamjohnson56,SAM HOWELL,8162,QB,0,Did Not Play,0,1682
2024,16,Team 9,EMANUEL WILSON,11435,RB,18.2,Played,25.0,1325
2024,16,Team 9,JALEEL MCLAUGHLIN,11439,RB,0,Did Not Play,0,1964
2024,16,Team 9,RASHEEN ALI,11570,RB,0.4,Played,9.0,1088
2024,16,Team 9,MALACHI CORLEY,11617,WR,0,Did Not Play,0,1632
2024,16,Team 9,LADD MCCONKEY,11635,WR,24.400000000000002,Played,51.0,6371
2024,16,Team 9,LUKE MCCAFFREY,11650,WR,3.6,Played,9.0,1949
2024,16,Team 9,BUB MEANS,11748,WR,0,Did Not Play,0,1261
2024,16,Team 9,DANIEL JONES,5870,QB,0,Did Not Play,0,2368
2024,16,Team 9,LILJORDAN HUMPHREY,5938,WR,0,Played,23.0,733
2024,16,Team 9,ELIJAH MITCHELL,7561,RB,0,Did Not Play,0,1689
2024,16,Team 9,RONDALE MOORE,7601,WR,0,Did Not Play,0,1512
2024,16,Team 9,BO MELTON,8204,WR,2.8000000000000003,Played,22.0,1085
2024,16,Team 9,TYLER BADIE,8208,RB,0,Did Not Play,0,908
2024,16,Team 9,MARVIN MIMS,9494,WR,16.0,Played,30.0,2739
2024,16,Team 9,SEAN TUCKER,9506,RB,0,Played,0,1985
2024,16,Team 9,CJ STROUD,9758,QB,33.0,Played,59.0,6677
2024,16,Team 9,HENDON HOOKER,9998,QB,0,Did Not Play,0,1136
2024,16,connerstafford11,JAYLEN WRIGHT,11643,RB,0,Did Not Play,0,2675
2024,16,connerstafford11,TRAVIS KELCE,1466,TE,11.0,Played,65.0,2711
2024,16,connerstafford11,MASON RUDOLPH,4972,QB,27.800000000000004,Played,61.0,1300
2024,16,connerstafford11,ROSCHON JOHNSON,10235,RB,0.6000000000000001,Played,17.0,1890
2024,16,connerstafford11,RAY RAY MCCLOUD,5096,WR,8.4,Played,61.0,1260
2024,16,connerstafford11,GARDNER MINSHEW,6011,QB,0,Did Not Play,0,1163
2024,16,connerstafford11,GABRIEL DAVIS,6943,WR,0,Did Not Play,0,1820
2024,16,connerstafford11,TAYSOM HILL,4381,TE,0,Did Not Play,0,1364
2024,16,connerstafford11,HOLLYWOOD BROWN,5848,WR,14.0,Played,20.0,
2024,16,connerstafford11,RAHEEM MOSTERT,2749,RB,11.2,Played,21.0,1056
2024,16,connerstafford11,DALLAS GOEDERT,5022,TE,0,Did Not Play,0,2625
2024,16,connerstafford11,RICKY PEARSALL,11638,WR,11.4,Played,46.0,4079
2024,16,connerstafford11,NICK CHUBB,4988,RB,0,Did Not Play,0,1947
2024,16,connerstafford11,NICK WESTBROOK IKHINE,7496,WR,11.4,Played,55.0,1422
2024,16,connerstafford11,KIMANI VIDAL,11647,RB,4.800000000000001,Played,21.0,1694
2024,16,connerstafford11,JUSTICE HILL,5995,RB,6.0,Played,7.0,1562
2024,16,connerstafford11,NOAH GRAY,7828,TE,3.0,Played,36.0,2229
2024,16,connerstafford11,DREW LOCK,5854,QB,15.2,Played,59.0,1113
2024,17,tmjones212,JJ MCCARTHY,11565,QB,0,Did Not Play,0,5493
2024,17,tmjones212,BRAELON ALLEN,11576,RB,5.2,Played,19.0,3010
2024,17,tmjones212,WILL SHIPLEY,11577,RB,0,Did Not Play,0,1759
2024,17,tmjones212,XAVIER LEGETTE,11626,WR,10.600000000000001,Played,32.0,2941
2024,17,tmjones212,JAMEIS WINSTON,2306,QB,0,Did Not Play,0,1940
2024,17,tmjones212,DESHAUN WATSON,4017,QB,0,Did Not Play,0,927
2024,17,tmjones212,TUA TAGOVAILOA,6768,QB,0,Did Not Play,0,4240
2024,17,tmjones212,JERRY JEUDY,6783,WR,31.8,Played,77.0,3861
2024,17,tmjones212,COLE KMET,6826,TE,1.0,Played,57.0,2411
2024,17,tmjones212,DARNELL MOONEY,7090,WR,9.4,Played,62.0,2808
2024,17,tmjones212,JUSTIN FIELDS,7591,QB,0,Did Not Play,0,3952
2024,17,tmjones212,KHALIL SHAKIR,8134,WR,8.0,Played,43.0,3726
2024,17,tmjones212,TREYLON BURKS,8135,WR,0,Did Not Play,0,1419
2024,17,tmjones212,CHRISTIAN WATSON,8167,WR,0,Did Not Play,0,2660
2024,17,tmjones212,KENDRE MILLER,9757,RB,4.800000000000001,Played,8.0,2320
2024,17,BaoDown,DRAKE MAYE,11564,QB,20.1,Played,43.0,6760
2024,17,BaoDown,RAY DAVIS,11575,RB,3.5999999999999996,Played,16.0,2644
2024,17,BaoDown,THEO JOHNSON,11597,TE,0,Did Not Play,0,2179
2024,17,BaoDown,DEANDRE HOPKINS,1426,WR,3.4000000000000004,Played,29.0,1786
2024,17,BaoDown,JOE FLACCO,19,QB,36.2,Played,77.0,1357
2024,17,BaoDown,DEREK CARR,2028,QB,0,Did Not Play,0,2177
2024,17,BaoDown,AMEER ABDULLAH,2359,RB,35.4,Played,48.0,
2024,17,BaoDown,TYLER LOCKETT,2374,WR,7.0,Played,36.0,1147
2024,17,BaoDown,STEFON DIGGS,2449,WR,0,Did Not Play,0,2808
2024,17,BaoDown,ALVIN KAMARA,4035,RB,0,Did Not Play,0,3584
2024,17,BaoDown,MATTHEW STAFFORD,421,QB,22.1,Played,57.0,3093
2024,17,BaoDown,HARRISON BUTKER,4227,K,0,Did Not Play,0,
2024,17,BaoDown,ZACK MOSS,6845,RB,0,Did Not Play,0,1685
2024,17,BaoDown,ANTOINE WINFIELD,6888,DB,0,Did Not Play,0,
2024,17,BaoDown,ISAIAH LIKELY,8131,TE,8.8,Played,48.0,3392
2024,17,BaoDown,JAQUAN BRISKER,8323,DB,0,Did Not Play,0,
2024,17,BaoDown,STONE SMARTT,8583,TE,6.6000000000000005,Played,26.0,1031
2024,17,EBao,AIDAN OCONNELL,10866,QB,36.0,Played,77.0,1373
2024,17,EBao,CHRIS BROOKS,11370,RB,0,Played,8.0,728
2024,17,EBao,JALYNN POLK,11619,WR,0,Played,12.0,2066
2024,17,EBao,JERMAINE BURTON,11640,WR,0,Played,5.0,1623
2024,17,EBao,DAK PRESCOTT,3294,QB,0,Did Not Play,0,4711
2024,17,EBao,CHRISTIAN MCCAFFREY,4034,RB,0,Did Not Play,0,4745
2024,17,EBao,KAREEM HUNT,4098,RB,10.0,Played,30.0,1725
2024,17,EBao,MIKE PITTMAN,6819,WR,39.8,Played,72.0,3446
2024,17,EBao,TREVOR LAWRENCE,7523,QB,0,Did Not Play,0,5590
2024,17,EBao,KYLE PITTS,7553,TE,18.8,Played,30.0,3387
2024,17,EBao,CADE OTTON,8111,TE,0,Did Not Play,0,2824
2024,17,EBao,KEN WALKER,8151,RB,0,Did Not Play,0,4790
2024,17,EBao,JAYLEN WARREN,8228,RB,30.400000000000006,Played,40.0,3098
2024,17,EBao,BRENTON STRANGE,9480,TE,0,Played,42.0,2766
2024,17,EBao,WILL LEVIS,9999,QB,0,Did Not Play,0,1849
2024,17,Halteclere,MIKE WILSON,10232,WR,10.8,Played,69.0,2196
2024,17,Halteclere,IVAN PACE,11086,LB,0,Did Not Play,0,
2024,17,Halteclere,JONATHON BROOKS,11583,RB,0,Did Not Play,0,2902
2024,17,Halteclere,TREY BENSON,11589,RB,0,Did Not Play,0,3364
2024,17,Halteclere,BRENDEN RICE,11621,WR,0,Did Not Play,0,1171
2024,17,Halteclere,ISAAC GUERENDO,11651,RB,23.8,Played,39.0,2739
2024,17,Halteclere,EVAN ENGRAM,4066,TE,0,Did Not Play,0,2895
2024,17,Halteclere,LOGAN WILSON,6880,LB,0,Did Not Play,0,
2024,17,Halteclere,ZACH WILSON,7538,QB,0,Did Not Play,0,1481
2024,17,Halteclere,ELIJAH MOORE,7596,WR,1.2,Played,51.0,1858
2024,17,Halteclere,JAHAN DOTSON,8119,WR,0,Played,30.0,1685
2024,17,Halteclere,MALIK WILLIS,8161,QB,0,Did Not Play,0,1641
2024,17,Halteclere,TANK DELL,9502,WR,0,Did Not Play,0,2812
2024,17,Halteclere,KAYSHON BOUTTE,9504,WR,9.600000000000001,Played,41.0,2106
2024,17,androooooo,CALEB WILLIAMS,11560,QB,15.600000000000001,Played,61.0,6758
2024,17,androooooo,MIKE MAYER,9482,TE,3.8000000000000003,Played,58.0,2264
2024,17,androooooo,BRANDON AIYUK,6803,WR,0,Did Not Play,0,4220
2024,17,androooooo,CHRIS OLAVE,8144,WR,0,Did Not Play,0,4647
2024,17,androooooo,CAM AKERS,6938,RB,14.6,Played,23.0,1299
2024,17,androooooo,SIONE VAKI,11729,RB,0,Played,1.0,969
2024,17,androooooo,MARSHAWN LLOYD,11581,RB,0,Did Not Play,0,2379
2024,17,androooooo,TROY FRANKLIN,11627,WR,0.8,Played,20.0,2430
2024,17,androooooo,RASHID SHAHEED,8676,WR,0,Did Not Play,0,2903
2024,17,androooooo,SINCERE MCCORMICK,8220,RB,0,Did Not Play,0,1280
2024,17,androooooo,ANDREI IOSIVAS,10226,WR,14.8,Played,71.0,2093
2024,17,androooooo,KEATON MITCHELL,9511,RB,10.600000000000001,Played,17.0,2041
2024,17,androooooo,AUSTIN EKELER,4663,RB,0,Did Not Play,0,1926
2024,17,androooooo,JAKE HAENER,10215,QB,0,Did Not Play,0,531
2024,17,androooooo,JALEN TOLBERT,8117,WR,15.0,Played,42.0,1665
2024,17,androooooo,CHRIS GODWIN,4037,WR,0,Did Not Play,0,3938
2024,17,androooooo,ISAIAH DAVIS,11571,RB,9.6,Played,14.0,1805
2024,17,androooooo,JACOB COWING,11616,WR,0,Played,5.0,1388
2024,17,ShadyCommish88,CHIG OKONKWO,8210,TE,16.8,Played,51.0,
2024,17,ShadyCommish88,RYAN FLOURNOY,11783,WR,1.6,Played,13.0,684
2024,17,ShadyCommish88,EDGERRIN COOPER,11687,LB,0,Did Not Play,0,
2024,17,ShadyCommish88,DEVAUGHN VELE,11834,WR,7.4,Played,30.0,1633
2024,17,ShadyCommish88,WANDALE ROBINSON,8126,WR,25.200000000000003,Played,36.0,2532
2024,17,ShadyCommish88,CHRISTIAN KIRK,4950,WR,0,Did Not Play,0,2796
2024,17,ShadyCommish88,MIKE PENIX,11559,QB,25.900000000000002,Played,64.0,5398
2024,17,ShadyCommish88,TRE TUCKER,10213,WR,13.8,Played,69.0,1847
2024,17,ShadyCommish88,TUCKER KRAFT,9484,TE,12.600000000000001,Played,54.0,3374
2024,17,ShadyCommish88,ROMAN WILSON,11630,WR,0,Did Not Play,0,1982
2024,17,ShadyCommish88,JORDAN MASON,8408,RB,0,Did Not Play,0,2855
2024,17,ShadyCommish88,BRYCE YOUNG,9228,QB,33.9,Played,47.0,4896
2024,17,ShadyCommish88,AARON RODGERS,96,QB,3.200000000000001,Played,40.0,1658
2024,17,ShadyCommish88,TOM BRADY,167,QB,0,Did Not Play,0,
2024,17,ShadyCommish88,DONTAYVION WICKS,9486,WR,12.6,Played,46.0,2547
2024,17,ShadyCommish88,JORDAN TRAVIS,11567,QB,0,Did Not Play,0,1085
2024,17,ShadyCommish88,EVAN MCPHERSON,7839,K,0,Did Not Play,0,
2024,17,ShadyCommish88,MALIK WASHINGTON,11610,WR,10.0,Played,52.0,1859
2024,17,ShadyCommish88,DEVONTEZ WALKER,11629,WR,0,Played,16.0,1327
2024,17,ShadyCommish88,CEEDEE LAMB,6786,WR,0,Did Not Play,0,7839
2024,17,emanueljd3,AUDRIC ESTIME,11579,RB,8.4,Played,18.0,2235
2024,17,emanueljd3,JATAVION SANDERS,11600,TE,2.0,Played,26.0,2616
2024,17,emanueljd3,JAVON BAKER,11645,WR,0,Played,11.0,1672
2024,17,emanueljd3,KIRK COUSINS,1166,QB,0,Did Not Play,0,2265
2024,17,emanueljd3,TYREEK HILL,3321,WR,33.0,Played,53.0,3968
2024,17,emanueljd3,COURTLAND SUTTON,5045,WR,22.0,Played,56.0,3437
2024,17,emanueljd3,DAVID MONTGOMERY,5892,RB,0,Did Not Play,0,3860
2024,17,emanueljd3,EJ SPEED,6218,LB,0,Did Not Play,0,
2024,17,emanueljd3,TRAVIS ETIENNE,7543,RB,16.0,Played,28.0,3168
2024,17,emanueljd3,MIKE CARTER,7607,RB,18.2,Played,57.0,960
2024,17,emanueljd3,RHAMONDRE STEVENSON,7611,RB,0.2,Played,24.0,2688
2024,17,emanueljd3,JAKE FERGUSON,8110,TE,2.6,Played,42.0,2840
2024,17,emanueljd3,JAMESON WILLIAMS,8148,WR,32.0,Played,56.0,4551
2024,17,emanueljd3,NAKOBE DEAN,8267,LB,0,Did Not Play,0,
2024,17,lamjohnson56,AJ DILLON,6828,RB,0,Did Not Play,0,1187
2024,17,lamjohnson56,MAC JONES,7527,QB,33.800000000000004,Played,58.0,1543
2024,17,lamjohnson56,LUKE SCHOONMAKER,10871,TE,0,Played,21.0,1697
2024,17,lamjohnson56,SAM HOWELL,8162,QB,0,Did Not Play,0,1682
2024,17,lamjohnson56,RAHEEM BLACKSHEAR,8255,RB,4.0,Played,36.0,522
2024,17,lamjohnson56,ADONAI MITCHELL,11625,WR,6.4,Played,7.0,2787
2024,17,lamjohnson56,SPENCER RATTLER,11562,QB,29.0,Played,60.0,1875
2024,17,lamjohnson56,JARED WILEY,11595,TE,0,Did Not Play,0,1102
2024,17,lamjohnson56,RASHEE RICE,10229,WR,0,Did Not Play,0,5411
2024,17,lamjohnson56,OLAMIDE ZACCHEAUS,6271,WR,32.6,Played,63.0,1176
2024,17,lamjohnson56,TONY POLLARD,5967,RB,0,Did Not Play,0,2980
2024,17,lamjohnson56,DIONTAE JOHNSON,5937,WR,0,Did Not Play,0,1355
2024,17,lamjohnson56,KENNY PICKETT,8160,QB,26.900000000000002,Played,44.0,1744
2024,17,lamjohnson56,BEN SINNOTT,11596,TE,0,Played,8.0,2647
2024,17,lamjohnson56,TYLER ALLGEIER,8132,RB,3.8000000000000003,Played,8.0,2582
2024,17,lamjohnson56,ZACH ERTZ,1339,TE,32.4,Played,55.0,1836
2024,17,lamjohnson56,COOPER RUSH,4574,QB,13.100000000000001,Played,59.0,763
2024,17,lamjohnson56,JAYLEN WADDLE,7526,WR,0,Did Not Play,0,4627
2024,17,Team 9,EMANUEL WILSON,11435,RB,11.8,Played,20.0,1325
2024,17,Team 9,JALEEL MCLAUGHLIN,11439,RB,17.2,Played,14.0,1964
2024,17,Team 9,RASHEEN ALI,11570,RB,-0.6000000000000001,Played,5.0,1088
2024,17,Team 9,MALACHI CORLEY,11617,WR,0,Played,0,1632
2024,17,Team 9,LADD MCCONKEY,11635,WR,38.8,Played,61.0,6371
2024,17,Team 9,LUKE MCCAFFREY,11650,WR,0,Played,22.0,1949
2024,17,Team 9,BUB MEANS,11748,WR,0,Did Not Play,0,1261
2024,17,Team 9,DANIEL JONES,5870,QB,0,Did Not Play,0,2368
2024,17,Team 9,LILJORDAN HUMPHREY,5938,WR,0,Played,27.0,733
2024,17,Team 9,ELIJAH MITCHELL,7561,RB,0,Did Not Play,0,1689
2024,17,Team 9,RONDALE MOORE,7601,WR,0,Did Not Play,0,1512
2024,17,Team 9,BO MELTON,8204,WR,6.6,Played,16.0,1085
2024,17,Team 9,TYLER BADIE,8208,RB,0,Did Not Play,0,908
2024,17,Team 9,MARVIN MIMS,9494,WR,43.400000000000006,Played,28.0,2739
2024,17,Team 9,SEAN TUCKER,9506,RB,9.8,Played,15.0,1985
2024,17,Team 9,CJ STROUD,9758,QB,15.9,Played,49.0,6677
2024,17,Team 9,HENDON HOOKER,9998,QB,0,Did Not Play,0,1136
2024,17,connerstafford11,JAYLEN WRIGHT,11643,RB,0,Played,2.0,2675
2024,17,connerstafford11,TRAVIS KELCE,1466,TE,30.8,Played,55.0,2711
2024,17,connerstafford11,ROSCHON JOHNSON,10235,RB,1.0,Played,20.0,1890
2024,17,connerstafford11,RAY RAY MCCLOUD,5096,WR,7.4,Played,40.0,1260
2024,17,connerstafford11,CHUBA HUBBARD,7594,RB,0,Did Not Play,0,4108
2024,17,connerstafford11,GARDNER MINSHEW,6011,QB,0,Did Not Play,0,1163
2024,17,connerstafford11,GABRIEL DAVIS,6943,WR,0,Did Not Play,0,1820
2024,17,connerstafford11,TAYSOM HILL,4381,TE,0,Did Not Play,0,1364
2024,17,connerstafford11,HOLLYWOOD BROWN,5848,WR,13.200000000000001,Played,25.0,
2024,17,connerstafford11,RAHEEM MOSTERT,2749,RB,5.800000000000001,Played,24.0,1056
2024,17,connerstafford11,DALLAS GOEDERT,5022,TE,0,Did Not Play,0,2625
2024,17,connerstafford11,RICKY PEARSALL,11638,WR,46.400000000000006,Played,45.0,4079
2024,17,connerstafford11,NICK CHUBB,4988,RB,0,Did Not Play,0,1947
2024,17,connerstafford11,JALEN HURTS,6904,QB,0,Did Not Play,0,8126
2024,17,connerstafford11,KIMANI VIDAL,11647,RB,4.800000000000001,Played,9.0,1694
2024,17,connerstafford11,JUSTICE HILL,5995,RB,0,Did Not Play,0,1562
2024,17,connerstafford11,NOAH GRAY,7828,TE,2.2,Played,28.0,2229
2024,17,connerstafford11,DREW LOCK,5854,QB,63.900000000000006,Played,56.0,1113
2024,18,tmjones212,JJ MCCARTHY,11565,QB,0,Did Not Play,0,5493
2024,18,tmjones212,BRAELON ALLEN,11576,RB,6.6,Played,14.0,3010
2024,18,tmjones212,WILL SHIPLEY,11577,RB,17.4,Played,36.0,1759
2024,18,tmjones212,XAVIER LEGETTE,11626,WR,9.0,Played,28.0,2941
2024,18,tmjones212,JAMEIS WINSTON,2306,QB,0,Did Not Play,0,1940
2024,18,tmjones212,DESHAUN WATSON,4017,QB,0,Did Not Play,0,927
2024,18,tmjones212,TUA TAGOVAILOA,6768,QB,0,Did Not Play,0,4240
2024,18,tmjones212,JERRY JEUDY,6783,WR,18.6,Played,56.0,3861
2024,18,tmjones212,COLE KMET,6826,TE,2.6,Played,61.0,2411
2024,18,tmjones212,DARNELL MOONEY,7090,WR,0,Did Not Play,0,2808
2024,18,tmjones212,JUSTIN FIELDS,7591,QB,0,Did Not Play,0,3952
2024,18,tmjones212,KHALIL SHAKIR,8134,WR,0,Did Not Play,0,3726
2024,18,tmjones212,TREYLON BURKS,8135,WR,0,Did Not Play,0,1419
2024,18,tmjones212,CHRISTIAN WATSON,8167,WR,0,Played,10.0,2660
2024,18,tmjones212,KENDRE MILLER,9757,RB,0,Did Not Play,0,2320
2024,18,BaoDown,DRAKE MAYE,11564,QB,0,Played,3.0,6760
2024,18,BaoDown,RAY DAVIS,11575,RB,21.0,Played,35.0,2644
2024,18,BaoDown,THEO JOHNSON,11597,TE,0,Did Not Play,0,2179
2024,18,BaoDown,DEANDRE HOPKINS,1426,WR,0,Did Not Play,0,1786
2024,18,BaoDown,JOE FLACCO,19,QB,32.400000000000006,Played,78.0,1357
2024,18,BaoDown,DEREK CARR,2028,QB,0,Did Not Play,0,2177
2024,18,BaoDown,AMEER ABDULLAH,2359,RB,0,Did Not Play,0,
2024,18,BaoDown,TYLER LOCKETT,2374,WR,7.6000000000000005,Played,29.0,1147
2024,18,BaoDown,STEFON DIGGS,2449,WR,0,Did Not Play,0,2808
2024,18,BaoDown,ALVIN KAMARA,4035,RB,0,Did Not Play,0,3584
2024,18,BaoDown,MATTHEW STAFFORD,421,QB,0,Did Not Play,0,3093
2024,18,BaoDown,ZACK MOSS,6845,RB,0,Did Not Play,0,1685
2024,18,BaoDown,ANTOINE WINFIELD,6888,DB,0,Did Not Play,0,
2024,18,BaoDown,ISAIAH LIKELY,8131,TE,10.600000000000001,Played,43.0,3392
2024,18,BaoDown,JAQUAN BRISKER,8323,DB,0,Did Not Play,0,
2024,18,BaoDown,STONE SMARTT,8583,TE,0,Played,14.0,1031
2024,18,EBao,AIDAN OCONNELL,10866,QB,32.0,Played,48.0,1373
2024,18,EBao,CHRIS BROOKS,11370,RB,11.8,Played,18.0,728
2024,18,EBao,JALYNN POLK,11619,WR,0,Did Not Play,0,2066
2024,18,EBao,JERMAINE BURTON,11640,WR,0,Did Not Play,0,1623
2024,18,EBao,DAK PRESCOTT,3294,QB,0,Did Not Play,0,4711
2024,18,EBao,CHRISTIAN MCCAFFREY,4034,RB,0,Did Not Play,0,4745
2024,18,EBao,KAREEM HUNT,4098,RB,0,Did Not Play,0,1725
2024,18,EBao,MIKE PITTMAN,6819,WR,20.4,Played,71.0,3446
2024,18,EBao,TREVOR LAWRENCE,7523,QB,0,Did Not Play,0,5590
2024,18,EBao,KYLE PITTS,7553,TE,5.0,Played,35.0,3387
2024,18,EBao,CADE OTTON,8111,TE,0,Did Not Play,0,2824
2024,18,EBao,KEN WALKER,8151,RB,0,Did Not Play,0,4790
2024,18,EBao,JAYLEN WARREN,8228,RB,4.2,Played,23.0,3098
2024,18,EBao,BRENTON STRANGE,9480,TE,16.0,Played,50.0,2766
2024,18,EBao,WILL LEVIS,9999,QB,23.1,Played,36.0,1849
2024,18,Halteclere,MIKE WILSON,10232,WR,0,Did Not Play,0,2196
2024,18,Halteclere,JONATHON BROOKS,11583,RB,0,Did Not Play,0,2902
2024,18,Halteclere,TREY BENSON,11589,RB,0,Did Not Play,0,3364
2024,18,Halteclere,BRENDEN RICE,11621,WR,0,Did Not Play,0,1171
2024,18,Halteclere,ISAAC GUERENDO,11651,RB,1.0,Played,4.0,2739
2024,18,Halteclere,EDGERRIN COOPER,11687,LB,0,Did Not Play,0,
2024,18,Halteclere,EVAN ENGRAM,4066,TE,0,Did Not Play,0,2895
2024,18,Halteclere,LOGAN WILSON,6880,LB,0,Did Not Play,0,
2024,18,Halteclere,ZACH WILSON,7538,QB,0,Did Not Play,0,1481
2024,18,Halteclere,ELIJAH MOORE,7596,WR,10.2,Played,56.0,1858
2024,18,Halteclere,JAHAN DOTSON,8119,WR,25.8,Played,64.0,1685
2024,18,Halteclere,MALIK WILLIS,8161,QB,10.200000000000001,Played,43.0,1641
2024,18,Halteclere,TANK DELL,9502,WR,0,Did Not Play,0,2812
2024,18,Halteclere,KAYSHON BOUTTE,9504,WR,39.400000000000006,Played,45.0,2106
2024,18,androooooo,CALEB WILLIAMS,11560,QB,22.8,Played,62.0,6758
2024,18,androooooo,MIKE MAYER,9482,TE,8.2,Played,41.0,2264
2024,18,androooooo,BRANDON AIYUK,6803,WR,0,Did Not Play,0,4220
2024,18,androooooo,CHRIS OLAVE,8144,WR,0,Did Not Play,0,4647
2024,18,androooooo,CAM AKERS,6938,RB,15.8,Played,20.0,1299
2024,18,androooooo,SIONE VAKI,11729,RB,0,Played,0,969
2024,18,androooooo,MARSHAWN LLOYD,11581,RB,0,Did Not Play,0,2379
2024,18,androooooo,TROY FRANKLIN,11627,WR,4.4,Played,26.0,2430
2024,18,androooooo,RASHID SHAHEED,8676,WR,0,Did Not Play,0,2903
2024,18,androooooo,SINCERE MCCORMICK,8220,RB,0,Did Not Play,0,1280
2024,18,androooooo,ANDREI IOSIVAS,10226,WR,4.4,Played,64.0,2093
2024,18,androooooo,KEATON MITCHELL,9511,RB,2.0,Played,15.0,2041
2024,18,androooooo,AUSTIN EKELER,4663,RB,8.4,Played,35.0,1926
2024,18,androooooo,JAKE HAENER,10215,QB,0,Did Not Play,0,531
2024,18,androooooo,JALEN TOLBERT,8117,WR,23.6,Played,56.0,1665
2024,18,androooooo,CHRIS GODWIN,4037,WR,0,Did Not Play,0,3938
2024,18,androooooo,ISAIAH DAVIS,11571,RB,8.200000000000001,Played,8.0,1805
2024,18,androooooo,JACOB COWING,11616,WR,9.4,Played,50.0,1388
2024,18,ShadyCommish88,TRE TUCKER,10213,WR,7.800000000000001,Played,41.0,1847
2024,18,ShadyCommish88,CEDRIC TILLMAN,10444,WR,0,Did Not Play,0,2695
2024,18,ShadyCommish88,MIKE PENIX,11559,QB,49.2,Played,79.0,5398
2024,18,ShadyCommish88,JORDAN TRAVIS,11567,QB,0,Did Not Play,0,1085
2024,18,ShadyCommish88,MALIK WASHINGTON,11610,WR,13.600000000000001,Played,43.0,1859
2024,18,ShadyCommish88,DEVONTEZ WALKER,11629,WR,0,Played,15.0,1327
2024,18,ShadyCommish88,ROMAN WILSON,11630,WR,0,Did Not Play,0,1982
2024,18,ShadyCommish88,DEVAUGHN VELE,11834,WR,20.0,Played,38.0,1633
2024,18,ShadyCommish88,TOM BRADY,167,QB,0,Did Not Play,0,
2024,18,ShadyCommish88,CHRISTIAN KIRK,4950,WR,0,Did Not Play,0,2796
2024,18,ShadyCommish88,EVAN MCPHERSON,7839,K,0,Did Not Play,0,
2024,18,ShadyCommish88,WANDALE ROBINSON,8126,WR,18.6,Played,39.0,2532
2024,18,ShadyCommish88,CHIG OKONKWO,8210,TE,0,Played,3.0,
2024,18,ShadyCommish88,KYLE HAMILTON,8339,DB,0,Did Not Play,0,
2024,18,ShadyCommish88,JORDAN MASON,8408,RB,0,Did Not Play,0,2855
2024,18,ShadyCommish88,ANTHONY RICHARDSON,9229,QB,0,Did Not Play,0,3642
2024,18,ShadyCommish88,TUCKER KRAFT,9484,TE,11.2,Played,62.0,3374
2024,18,ShadyCommish88,DONTAYVION WICKS,9486,WR,15.8,Played,48.0,2547
2024,18,ShadyCommish88,AARON RODGERS,96,QB,47.400000000000006,Played,64.0,1658
2024,18,emanueljd3,AUDRIC ESTIME,11579,RB,12.8,Played,18.0,2235
2024,18,emanueljd3,JATAVION SANDERS,11600,TE,10.0,Played,34.0,2616
2024,18,emanueljd3,JAVON BAKER,11645,WR,3.4000000000000004,Played,39.0,1672
2024,18,emanueljd3,KIRK COUSINS,1166,QB,0,Did Not Play,0,2265
2024,18,emanueljd3,TYREEK HILL,3321,WR,6.0,Played,27.0,3968
2024,18,emanueljd3,COURTLAND SUTTON,5045,WR,30.6,Played,48.0,3437
2024,18,emanueljd3,DAVID MONTGOMERY,5892,RB,0,Did Not Play,0,3860
2024,18,emanueljd3,EJ SPEED,6218,LB,0,Did Not Play,0,
2024,18,emanueljd3,TRAVIS ETIENNE,7543,RB,15.0,Played,30.0,3168
2024,18,emanueljd3,MIKE CARTER,7607,RB,21.8,Played,50.0,960
2024,18,emanueljd3,RHAMONDRE STEVENSON,7611,RB,0,Did Not Play,0,2688
2024,18,emanueljd3,JAKE FERGUSON,8110,TE,4.4,Played,46.0,2840
2024,18,emanueljd3,JAMESON WILLIAMS,8148,WR,13.8,Played,55.0,4551
2024,18,emanueljd3,NAKOBE DEAN,8267,LB,0,Did Not Play,0,
2024,18,lamjohnson56,AJ DILLON,6828,RB,0,Did Not Play,0,1187
2024,18,lamjohnson56,LUKE SCHOONMAKER,10871,TE,5.2,Played,36.0,1697
2024,18,lamjohnson56,SAM HOWELL,8162,QB,0,Did Not Play,0,1682
2024,18,lamjohnson56,RAHEEM BLACKSHEAR,8255,RB,9.4,Played,6.0,522
2024,18,lamjohnson56,ADONAI MITCHELL,11625,WR,0,Played,16.0,2787
2024,18,lamjohnson56,SPENCER RATTLER,11562,QB,32.2,Played,66.0,1875
2024,18,lamjohnson56,JARED WILEY,11595,TE,0,Did Not Play,0,1102
2024,18,lamjohnson56,RASHEE RICE,10229,WR,0,Did Not Play,0,5411
2024,18,lamjohnson56,OLAMIDE ZACCHEAUS,6271,WR,12.200000000000001,Played,40.0,1176
2024,18,lamjohnson56,TONY POLLARD,5967,RB,12.4,Played,45.0,2980
2024,18,lamjohnson56,DIONTAE JOHNSON,5937,WR,4.4,Played,22.0,1355
2024,18,lamjohnson56,KENNY PICKETT,8160,QB,0,Did Not Play,0,1744
2024,18,lamjohnson56,BEN SINNOTT,11596,TE,0,Played,4.0,2647
2024,18,lamjohnson56,TYLER ALLGEIER,8132,RB,15.8,Played,17.0,2582
2024,18,lamjohnson56,PATRICK MAHOMES,4046,QB,0,Did Not Play,0,7194
2024,18,lamjohnson56,ZACH ERTZ,1339,TE,19.8,Played,53.0,1836
2024,18,lamjohnson56,COOPER RUSH,4574,QB,0,Did Not Play,0,763
2024,18,lamjohnson56,JAYLEN WADDLE,7526,WR,15.0,Played,63.0,4627
2024,18,Team 9,EMANUEL WILSON,11435,RB,21.200000000000003,Played,27.0,1325
2024,18,Team 9,JALEEL MCLAUGHLIN,11439,RB,11.600000000000001,Played,30.0,1964
2024,18,Team 9,RASHEEN ALI,11570,RB,0,Played,5.0,1088
2024,18,Team 9,MALACHI CORLEY,11617,WR,0,Did Not Play,0,1632
2024,18,Team 9,LADD MCCONKEY,11635,WR,26.0,Played,51.0,6371
2024,18,Team 9,LUKE MCCAFFREY,11650,WR,0,Played,20.0,1949
2024,18,Team 9,BUB MEANS,11748,WR,0,Did Not Play,0,1261
2024,18,Team 9,DANIEL JONES,5870,QB,0,Did Not Play,0,2368
2024,18,Team 9,LILJORDAN HUMPHREY,5938,WR,7.2,Played,24.0,733
2024,18,Team 9,ELIJAH MITCHELL,7561,RB,0,Did Not Play,0,1689
2024,18,Team 9,RONDALE MOORE,7601,WR,0,Did Not Play,0,1512
2024,18,Team 9,BO MELTON,8204,WR,0.2,Played,26.0,1085
2024,18,Team 9,TYLER BADIE,8208,RB,0,Did Not Play,0,908
2024,18,Team 9,MARVIN MIMS,9494,WR,27.200000000000003,Played,23.0,2739
2024,18,Team 9,SEAN TUCKER,9506,RB,3.2,Played,5.0,1985
2024,18,Team 9,CJ STROUD,9758,QB,11.0,Played,11.0,6677
2024,18,Team 9,HENDON HOOKER,9998,QB,0,Did Not Play,0,1136
2024,18,connerstafford11,JAYLEN WRIGHT,11643,RB,-0.8,Played,9.0,2675
2024,18,connerstafford11,TRAVIS KELCE,1466,TE,0,Did Not Play,0,2711
2024,18,connerstafford11,ROSCHON JOHNSON,10235,RB,8.8,Played,13.0,1890
2024,18,connerstafford11,RAY RAY MCCLOUD,5096,WR,17.200000000000003,Played,79.0,1260
2024,18,connerstafford11,CHUBA HUBBARD,7594,RB,0,Did Not Play,0,4108
2024,18,connerstafford11,GARDNER MINSHEW,6011,QB,0,Did Not Play,0,1163
2024,18,connerstafford11,GABRIEL DAVIS,6943,WR,0,Did Not Play,0,1820
2024,18,connerstafford11,TAYSOM HILL,4381,TE,0,Did Not Play,0,1364
2024,18,connerstafford11,HOLLYWOOD BROWN,5848,WR,0,Did Not Play,0,
2024,18,connerstafford11,RAHEEM MOSTERT,2749,RB,0,Played,1.0,1056
2024,18,connerstafford11,DALLAS GOEDERT,5022,TE,15.0,Played,13.0,2625
2024,18,connerstafford11,RICKY PEARSALL,11638,WR,26.8,Played,70.0,4079
2024,18,connerstafford11,NICK CHUBB,4988,RB,0,Did Not Play,0,1947
2024,18,connerstafford11,JALEN HURTS,6904,QB,0,Did Not Play,0,8126
2024,18,connerstafford11,KIMANI VIDAL,11647,RB,0,Played,1.0,1694
2024,18,connerstafford11,JUSTICE HILL,5995,RB,0,Did Not Play,0,1562
2024,18,connerstafford11,NOAH GRAY,7828,TE,0.3999999999999999,Played,4.0,2229
2024,18,connerstafford11,DREW LOCK,5854,QB,16.400000000000002,Played,53.0,1113
